<?xml version="1.0" encoding="UTF-8" ?><marc:collection xmlns:marc="http://www.loc.gov/MARC21/slim" xmlns:xsi="http://www.w3.org/2001/XMLSchema-instance" xsi:schemaLocation="http://www.loc.gov/MARC21/slim http://www.loc.gov/standards/marcxml/schema/MARC21slim.xsd">
<marc:record><marc:leader>04875nam a22007335i 4500</marc:leader>
<marc:controlfield tag="001">9781478012931</marc:controlfield>
<marc:controlfield tag="003">DE-B1597</marc:controlfield><marc:controlfield tag="005">20210729020517.0</marc:controlfield><marc:controlfield tag="006">m|||||o||d||||||||</marc:controlfield><marc:controlfield tag="007">cr || ||||||||</marc:controlfield><marc:controlfield tag="008">210729t20212021ncu    fo  d z      eng d</marc:controlfield><marc:datafield tag="010" ind1=" " ind2=" "><marc:subfield code="a">2020027530</marc:subfield></marc:datafield><marc:datafield tag="020" ind1=" " ind2=" "><marc:subfield code="a">9781478012931</marc:subfield></marc:datafield><marc:datafield tag="024" ind1="7" ind2=" "><marc:subfield code="a">10.1515/9781478012931</marc:subfield><marc:subfield code="2">doi</marc:subfield></marc:datafield><marc:datafield tag="035" ind1=" " ind2=" "><marc:subfield code="a">(DE-B1597)584765</marc:subfield></marc:datafield><marc:datafield tag="040" ind1=" " ind2=" "><marc:subfield code="a">DE-B1597</marc:subfield><marc:subfield code="b">eng</marc:subfield><marc:subfield code="c">DE-B1597</marc:subfield><marc:subfield code="e">rda</marc:subfield></marc:datafield><marc:datafield tag="041" ind1="0" ind2=" "><marc:subfield code="a">eng</marc:subfield></marc:datafield><marc:datafield tag="044" ind1=" " ind2=" "><marc:subfield code="a">ncu</marc:subfield><marc:subfield code="c">US-NC</marc:subfield></marc:datafield><marc:datafield tag="050" ind1="0" ind2="0"><marc:subfield code="a">N7314</marc:subfield><marc:subfield code="b">.L48 2021</marc:subfield></marc:datafield><marc:datafield tag="050" ind1=" " ind2="4"><marc:subfield code="a">N7314</marc:subfield><marc:subfield code="b">.L48 2021</marc:subfield></marc:datafield><marc:datafield tag="072" ind1=" " ind2="7"><marc:subfield code="a">ART015110</marc:subfield><marc:subfield code="2">bisacsh</marc:subfield></marc:datafield><marc:datafield tag="082" ind1="0" ind2="4"><marc:subfield code="a">700.959709/05</marc:subfield><marc:subfield code="2">23</marc:subfield></marc:datafield><marc:datafield tag="100" ind1="1" ind2=" "><marc:subfield code="a">Lê, Viet, </marc:subfield><marc:subfield code="e">author.</marc:subfield><marc:subfield code="4">aut</marc:subfield><marc:subfield code="4">http://id.loc.gov/vocabulary/relators/aut</marc:subfield></marc:datafield><marc:datafield tag="245" ind1="1" ind2="0"><marc:subfield code="a">Return Engagements :</marc:subfield><marc:subfield code="b">Contemporary Art's Traumas of Modernity and History in Sài Gòn and Phnom Penh /</marc:subfield><marc:subfield code="c">Viet Lê.</marc:subfield></marc:datafield><marc:datafield tag="264" ind1=" " ind2="1"><marc:subfield code="a">Durham : </marc:subfield><marc:subfield code="b">Duke University Press, </marc:subfield><marc:subfield code="c">[2021]</marc:subfield></marc:datafield><marc:datafield tag="264" ind1=" " ind2="4"><marc:subfield code="c">©2021</marc:subfield></marc:datafield><marc:datafield tag="300" ind1=" " ind2=" "><marc:subfield code="a">1 online resource (365 p.)</marc:subfield></marc:datafield><marc:datafield tag="336" ind1=" " ind2=" "><marc:subfield code="a">text</marc:subfield><marc:subfield code="b">txt</marc:subfield><marc:subfield code="2">rdacontent</marc:subfield></marc:datafield><marc:datafield tag="337" ind1=" " ind2=" "><marc:subfield code="a">computer</marc:subfield><marc:subfield code="b">c</marc:subfield><marc:subfield code="2">rdamedia</marc:subfield></marc:datafield><marc:datafield tag="338" ind1=" " ind2=" "><marc:subfield code="a">online resource</marc:subfield><marc:subfield code="b">cr</marc:subfield><marc:subfield code="2">rdacarrier</marc:subfield></marc:datafield><marc:datafield tag="347" ind1=" " ind2=" "><marc:subfield code="a">text file</marc:subfield><marc:subfield code="b">PDF</marc:subfield><marc:subfield code="2">rda</marc:subfield></marc:datafield><marc:datafield tag="505" ind1="0" ind2="0"><marc:subfield code="t">Frontmatter -- </marc:subfield><marc:subfield code="t">Contents -- </marc:subfield><marc:subfield code="t">LIST OF ILLUSTRATIONS -- </marc:subfield><marc:subfield code="t">PREFACE -- </marc:subfield><marc:subfield code="t">ACKNOWLEDGMENTS -- </marc:subfield><marc:subfield code="t">Introduction Risky Returns, Restagings, and Revolutions -- </marc:subfield><marc:subfield code="t">Chapter ONE What Remains: Silence, Confrontation, and Traumatic Memory -- </marc:subfield><marc:subfield code="t">Chapter TWO The Art Part: Việt Kiều Artists, Divides, and Desires in Sài Gòn -- </marc:subfield><marc:subfield code="t">Chapter THREE Personal and Public Archives: Fragments and (Post)Colonial Memory -- </marc:subfield><marc:subfield code="t">Chapter FOUR Town and Country: Sopheap Pich’s and Phan Quang’s Urban-Rural Developments -- </marc:subfield><marc:subfield code="t">Epilogue Leaving and Returns -- </marc:subfield><marc:subfield code="t">NOTES -- </marc:subfield><marc:subfield code="t">BIBLIOGRAPHY -- </marc:subfield><marc:subfield code="t">INDEX</marc:subfield></marc:datafield><marc:datafield tag="506" ind1="0" ind2=" "><marc:subfield code="a">restricted access</marc:subfield><marc:subfield code="u">http://purl.org/coar/access_right/c_16ec</marc:subfield><marc:subfield code="f">online access with authorization</marc:subfield><marc:subfield code="2">star</marc:subfield></marc:datafield><marc:datafield tag="520" ind1=" " ind2=" "><marc:subfield code="a">In Return Engagements artist and critic Việt Lê examines contemporary art in Cambodia and Việt Nam to rethink the entwinement of militarization, trauma, diaspora, and modernity in Southeast Asian art. Highlighting artists tied to Phnom Penh and Sài Gòn and drawing on a range of visual art as well as documentary and experimental films, Lê points out that artists of Southeast Asian descent are often expected to address the twin traumas of armed conflict and modernization, and shows how desirable art on these themes is on international art markets. As the global art market fetishizes trauma and violence, artists strategically align their work with those tropes in ways that Lê suggests allow them to reinvent such aesthetics and discursive spaces. By returning to and refashioning these themes, artists such as Tiffany Chung, Rithy Panh, and Sopheap Pich challenge categorizations of “diasporic” and “local” by situating themselves as insiders and outsiders relative to Cambodia and Việt Nam. By doing so, they disrupt dominant understandings of place, time, and belonging in contemporary art.</marc:subfield></marc:datafield><marc:datafield tag="538" ind1=" " ind2=" "><marc:subfield code="a">Mode of access: Internet via World Wide Web.</marc:subfield></marc:datafield><marc:datafield tag="546" ind1=" " ind2=" "><marc:subfield code="a">In English.</marc:subfield></marc:datafield><marc:datafield tag="588" ind1="0" ind2=" "><marc:subfield code="a">Description based on online resource; title from PDF title page (publisher's Web site, viewed 29. Jul 2021)</marc:subfield></marc:datafield><marc:datafield tag="650" ind1=" " ind2="0"><marc:subfield code="a">Art, Modern</marc:subfield><marc:subfield code="y">21st century.</marc:subfield></marc:datafield><marc:datafield tag="650" ind1=" " ind2="0"><marc:subfield code="a">Art, Vietnamese</marc:subfield><marc:subfield code="y">21st century.</marc:subfield></marc:datafield><marc:datafield tag="650" ind1=" " ind2="0"><marc:subfield code="a">Arts and society</marc:subfield><marc:subfield code="z">Cambodia</marc:subfield><marc:subfield code="z">Phnom Penh.</marc:subfield></marc:datafield><marc:datafield tag="650" ind1=" " ind2="0"><marc:subfield code="a">Arts and society</marc:subfield><marc:subfield code="z">Vietnam</marc:subfield><marc:subfield code="z">Ho Chi Minh City.</marc:subfield></marc:datafield><marc:datafield tag="650" ind1=" " ind2="0"><marc:subfield code="a">Arts, Cambodian</marc:subfield><marc:subfield code="y">21st century.</marc:subfield></marc:datafield><marc:datafield tag="650" ind1=" " ind2="0"><marc:subfield code="a">Popular culture in art.</marc:subfield></marc:datafield><marc:datafield tag="650" ind1=" " ind2="0"><marc:subfield code="a">Psychic trauma in art.</marc:subfield></marc:datafield><marc:datafield tag="650" ind1=" " ind2="0"><marc:subfield code="a">Vietnam War, 1961-1975</marc:subfield><marc:subfield code="x">Art and the war.</marc:subfield></marc:datafield><marc:datafield tag="650" ind1=" " ind2="0"><marc:subfield code="a">Vietnam War, 1961-1975</marc:subfield><marc:subfield code="x">Influence.</marc:subfield></marc:datafield><marc:datafield tag="650" ind1=" " ind2="7"><marc:subfield code="a">ART / History / Contemporary (1945-).</marc:subfield><marc:subfield code="2">bisacsh</marc:subfield></marc:datafield><marc:datafield tag="773" ind1="0" ind2="8"><marc:subfield code="i">Title is part of eBook package:</marc:subfield><marc:subfield code="d">De Gruyter</marc:subfield><marc:subfield code="t">Duke University Press Complete eBook-Package 2021</marc:subfield><marc:subfield code="z">9783110743319</marc:subfield></marc:datafield><marc:datafield tag="773" ind1="0" ind2="8"><marc:subfield code="i">Title is part of eBook package:</marc:subfield><marc:subfield code="d">De Gruyter</marc:subfield><marc:subfield code="t">EBOOK PACKAGE Arts 2021</marc:subfield><marc:subfield code="z">9783110753790</marc:subfield><marc:subfield code="o">ZDB-23-DPK</marc:subfield></marc:datafield><marc:datafield tag="773" ind1="0" ind2="8"><marc:subfield code="i">Title is part of eBook package:</marc:subfield><marc:subfield code="d">De Gruyter</marc:subfield><marc:subfield code="t">EBOOK PACKAGE Arts, Architecture and Design 2021 English</marc:subfield><marc:subfield code="z">9783110754032</marc:subfield></marc:datafield><marc:datafield tag="773" ind1="0" ind2="8"><marc:subfield code="i">Title is part of eBook package:</marc:subfield><marc:subfield code="d">De Gruyter</marc:subfield><marc:subfield code="t">EBOOK PACKAGE COMPLETE 2021 English</marc:subfield><marc:subfield code="z">9783110754001</marc:subfield></marc:datafield><marc:datafield tag="773" ind1="0" ind2="8"><marc:subfield code="i">Title is part of eBook package:</marc:subfield><marc:subfield code="d">De Gruyter</marc:subfield><marc:subfield code="t">EBOOK PACKAGE COMPLETE 2021</marc:subfield><marc:subfield code="z">9783110753776</marc:subfield><marc:subfield code="o">ZDB-23-DGG</marc:subfield></marc:datafield><marc:datafield tag="856" ind1="4" ind2="0"><marc:subfield code="u">https://doi.org/10.1515/9781478012931</marc:subfield></marc:datafield><marc:datafield tag="856" ind1="4" ind2="0"><marc:subfield code="u">https://www.degruyter.com/isbn/9781478012931</marc:subfield></marc:datafield><marc:datafield tag="856" ind1="4" ind2="2"><marc:subfield code="3">Cover</marc:subfield><marc:subfield code="u">https://www.degruyter.com/cover/covers/9781478012931.jpg</marc:subfield></marc:datafield><marc:datafield tag="912" ind1=" " ind2=" "><marc:subfield code="a">978-3-11-074331-9  Duke University Press Complete eBook-Package 2021</marc:subfield><marc:subfield code="b">2021</marc:subfield></marc:datafield><marc:datafield tag="912" ind1=" " ind2=" "><marc:subfield code="a">978-3-11-075400-1  EBOOK PACKAGE COMPLETE 2021 English</marc:subfield><marc:subfield code="b">2021</marc:subfield></marc:datafield><marc:datafield tag="912" ind1=" " ind2=" "><marc:subfield code="a">978-3-11-075403-2  EBOOK PACKAGE Arts, Architecture and Design 2021 English</marc:subfield><marc:subfield code="b">2021</marc:subfield></marc:datafield><marc:datafield tag="912" ind1=" " ind2=" "><marc:subfield code="a">EBA_DUK_ALL</marc:subfield></marc:datafield><marc:datafield tag="912" ind1=" " ind2=" "><marc:subfield code="a">EBA_DUK_EALL</marc:subfield></marc:datafield><marc:datafield tag="912" ind1=" " ind2=" "><marc:subfield code="a">EBA_DUK_SSHALL</marc:subfield></marc:datafield><marc:datafield tag="912" ind1=" " ind2=" "><marc:subfield code="a">GBV-deGruyter-alles</marc:subfield></marc:datafield><marc:datafield tag="912" ind1=" " ind2=" "><marc:subfield code="a">ZDB-23-DGG</marc:subfield><marc:subfield code="b">2021</marc:subfield></marc:datafield><marc:datafield tag="912" ind1=" " ind2=" "><marc:subfield code="a">ZDB-23-DPK</marc:subfield><marc:subfield code="b">2021</marc:subfield></marc:datafield></marc:record>
<marc:record><marc:leader>04215nam a22006255i 4500</marc:leader>
<marc:controlfield tag="001">9781478013204</marc:controlfield>
<marc:controlfield tag="003">DE-B1597</marc:controlfield><marc:controlfield tag="005">20210729020517.0</marc:controlfield><marc:controlfield tag="006">m|||||o||d||||||||</marc:controlfield><marc:controlfield tag="007">cr || ||||||||</marc:controlfield><marc:controlfield tag="008">210729t20212021ncu    fo  d z      eng d</marc:controlfield><marc:datafield tag="010" ind1=" " ind2=" "><marc:subfield code="a">2020031376</marc:subfield></marc:datafield><marc:datafield tag="020" ind1=" " ind2=" "><marc:subfield code="a">9781478013204</marc:subfield></marc:datafield><marc:datafield tag="024" ind1="7" ind2=" "><marc:subfield code="a">10.1515/9781478013204</marc:subfield><marc:subfield code="2">doi</marc:subfield></marc:datafield><marc:datafield tag="035" ind1=" " ind2=" "><marc:subfield code="a">(DE-B1597)584768</marc:subfield></marc:datafield><marc:datafield tag="040" ind1=" " ind2=" "><marc:subfield code="a">DE-B1597</marc:subfield><marc:subfield code="b">eng</marc:subfield><marc:subfield code="c">DE-B1597</marc:subfield><marc:subfield code="e">rda</marc:subfield></marc:datafield><marc:datafield tag="041" ind1="0" ind2=" "><marc:subfield code="a">eng</marc:subfield></marc:datafield><marc:datafield tag="044" ind1=" " ind2=" "><marc:subfield code="a">ncu</marc:subfield><marc:subfield code="c">US-NC</marc:subfield></marc:datafield><marc:datafield tag="050" ind1="0" ind2="0"><marc:subfield code="a">F970</marc:subfield></marc:datafield><marc:datafield tag="050" ind1=" " ind2="4"><marc:subfield code="a">F970</marc:subfield><marc:subfield code="b">.R634 2021</marc:subfield></marc:datafield><marc:datafield tag="072" ind1=" " ind2="7"><marc:subfield code="a">LIT006000</marc:subfield><marc:subfield code="2">bisacsh</marc:subfield></marc:datafield><marc:datafield tag="082" ind1="0" ind2="4"><marc:subfield code="a">973</marc:subfield><marc:subfield code="2">23</marc:subfield></marc:datafield><marc:datafield tag="100" ind1="1" ind2=" "><marc:subfield code="a">Roberts, Brian Russell, </marc:subfield><marc:subfield code="e">author.</marc:subfield><marc:subfield code="4">aut</marc:subfield><marc:subfield code="4">http://id.loc.gov/vocabulary/relators/aut</marc:subfield></marc:datafield><marc:datafield tag="245" ind1="1" ind2="0"><marc:subfield code="a">Borderwaters :</marc:subfield><marc:subfield code="b">Amid the Archipelagic States of America /</marc:subfield><marc:subfield code="c">Brian Russell Roberts.</marc:subfield></marc:datafield><marc:datafield tag="264" ind1=" " ind2="1"><marc:subfield code="a">Durham : </marc:subfield><marc:subfield code="b">Duke University Press, </marc:subfield><marc:subfield code="c">[2021]</marc:subfield></marc:datafield><marc:datafield tag="264" ind1=" " ind2="4"><marc:subfield code="c">©2021</marc:subfield></marc:datafield><marc:datafield tag="300" ind1=" " ind2=" "><marc:subfield code="a">1 online resource (387 p.)</marc:subfield></marc:datafield><marc:datafield tag="336" ind1=" " ind2=" "><marc:subfield code="a">text</marc:subfield><marc:subfield code="b">txt</marc:subfield><marc:subfield code="2">rdacontent</marc:subfield></marc:datafield><marc:datafield tag="337" ind1=" " ind2=" "><marc:subfield code="a">computer</marc:subfield><marc:subfield code="b">c</marc:subfield><marc:subfield code="2">rdamedia</marc:subfield></marc:datafield><marc:datafield tag="338" ind1=" " ind2=" "><marc:subfield code="a">online resource</marc:subfield><marc:subfield code="b">cr</marc:subfield><marc:subfield code="2">rdacarrier</marc:subfield></marc:datafield><marc:datafield tag="347" ind1=" " ind2=" "><marc:subfield code="a">text file</marc:subfield><marc:subfield code="b">PDF</marc:subfield><marc:subfield code="2">rda</marc:subfield></marc:datafield><marc:datafield tag="505" ind1="0" ind2="0"><marc:subfield code="t">Frontmatter -- </marc:subfield><marc:subfield code="t">Contents -- </marc:subfield><marc:subfield code="t">Acknowledgments -- </marc:subfield><marc:subfield code="t">Introduction. Archipelagic Thinking and the Borderwaters: A US-Eccentric Vision -- </marc:subfield><marc:subfield code="t">Chapter One. Interlapping Continents and Archipelagoes of American Studies -- </marc:subfield><marc:subfield code="t">Chapter Two. Archipelagic Diaspora and Geographic Form -- </marc:subfield><marc:subfield code="t">Chapter Three. Borderwaters and Geometries of Being Amid -- </marc:subfield><marc:subfield code="t">Chapter Four. Fractal Temporality on Vulnerable Foreshores -- </marc:subfield><marc:subfield code="t">Chapter Five. Spiraling Futures of the Archipelagic States of America -- </marc:subfield><marc:subfield code="t">Conclusion. Distant Reading the Archipelagic Gyre: Digital Humanities Archipelagoes -- </marc:subfield><marc:subfield code="t">Notes -- </marc:subfield><marc:subfield code="t">Bibliography -- </marc:subfield><marc:subfield code="t">Index</marc:subfield></marc:datafield><marc:datafield tag="506" ind1="0" ind2=" "><marc:subfield code="a">restricted access</marc:subfield><marc:subfield code="u">http://purl.org/coar/access_right/c_16ec</marc:subfield><marc:subfield code="f">online access with authorization</marc:subfield><marc:subfield code="2">star</marc:subfield></marc:datafield><marc:datafield tag="520" ind1=" " ind2=" "><marc:subfield code="a">Conventional narratives describe the United States as a continental country bordered by Canada and Mexico. Yet, since the late twentieth century the United States has claimed more water space than land space, and more water space than perhaps any other country in the world. This watery version of the United States borders some twenty-one countries, particularly in the archipelagoes of the Pacific and the Caribbean. In Borderwaters Brian Russell Roberts dispels continental national mythologies to advance an alternative image of the United States as an archipelagic nation. Drawing on literature, visual art, and other expressive forms that range from novels by Mark Twain and Zora Neale Hurston to Indigenous testimonies against nuclear testing and Miguel Covarrubias's visual representations of Indonesia and the Caribbean, Roberts remaps both the fundamentals of US geography and the foundations of how we discuss US culture.</marc:subfield></marc:datafield><marc:datafield tag="538" ind1=" " ind2=" "><marc:subfield code="a">Mode of access: Internet via World Wide Web.</marc:subfield></marc:datafield><marc:datafield tag="546" ind1=" " ind2=" "><marc:subfield code="a">In English.</marc:subfield></marc:datafield><marc:datafield tag="588" ind1="0" ind2=" "><marc:subfield code="a">Description based on online resource; title from PDF title page (publisher's Web site, viewed 29. Jul 2021)</marc:subfield></marc:datafield><marc:datafield tag="650" ind1=" " ind2="7"><marc:subfield code="a">LITERARY CRITICISM / Semiotics &amp; Theory.</marc:subfield><marc:subfield code="2">bisacsh</marc:subfield></marc:datafield><marc:datafield tag="773" ind1="0" ind2="8"><marc:subfield code="i">Title is part of eBook package:</marc:subfield><marc:subfield code="d">De Gruyter</marc:subfield><marc:subfield code="t">Duke University Press Complete eBook-Package 2021</marc:subfield><marc:subfield code="z">9783110743319</marc:subfield></marc:datafield><marc:datafield tag="773" ind1="0" ind2="8"><marc:subfield code="i">Title is part of eBook package:</marc:subfield><marc:subfield code="d">De Gruyter</marc:subfield><marc:subfield code="t">EBOOK PACKAGE COMPLETE 2021 English</marc:subfield><marc:subfield code="z">9783110754001</marc:subfield></marc:datafield><marc:datafield tag="773" ind1="0" ind2="8"><marc:subfield code="i">Title is part of eBook package:</marc:subfield><marc:subfield code="d">De Gruyter</marc:subfield><marc:subfield code="t">EBOOK PACKAGE COMPLETE 2021</marc:subfield><marc:subfield code="z">9783110753776</marc:subfield><marc:subfield code="o">ZDB-23-DGG</marc:subfield></marc:datafield><marc:datafield tag="773" ind1="0" ind2="8"><marc:subfield code="i">Title is part of eBook package:</marc:subfield><marc:subfield code="d">De Gruyter</marc:subfield><marc:subfield code="t">EBOOK PACKAGE Linguistics 2021 English</marc:subfield><marc:subfield code="z">9783110754117</marc:subfield></marc:datafield><marc:datafield tag="773" ind1="0" ind2="8"><marc:subfield code="i">Title is part of eBook package:</marc:subfield><marc:subfield code="d">De Gruyter</marc:subfield><marc:subfield code="t">EBOOK PACKAGE Linguistics 2021</marc:subfield><marc:subfield code="z">9783110753882</marc:subfield><marc:subfield code="o">ZDB-23-DSP</marc:subfield></marc:datafield><marc:datafield tag="856" ind1="4" ind2="0"><marc:subfield code="u">https://doi.org/10.1515/9781478013204</marc:subfield></marc:datafield><marc:datafield tag="856" ind1="4" ind2="0"><marc:subfield code="u">https://www.degruyter.com/isbn/9781478013204</marc:subfield></marc:datafield><marc:datafield tag="856" ind1="4" ind2="2"><marc:subfield code="3">Cover</marc:subfield><marc:subfield code="u">https://www.degruyter.com/cover/covers/9781478013204.jpg</marc:subfield></marc:datafield><marc:datafield tag="912" ind1=" " ind2=" "><marc:subfield code="a">978-3-11-074331-9  Duke University Press Complete eBook-Package 2021</marc:subfield><marc:subfield code="b">2021</marc:subfield></marc:datafield><marc:datafield tag="912" ind1=" " ind2=" "><marc:subfield code="a">978-3-11-075400-1  EBOOK PACKAGE COMPLETE 2021 English</marc:subfield><marc:subfield code="b">2021</marc:subfield></marc:datafield><marc:datafield tag="912" ind1=" " ind2=" "><marc:subfield code="a">978-3-11-075411-7  EBOOK PACKAGE Linguistics 2021 English</marc:subfield><marc:subfield code="b">2021</marc:subfield></marc:datafield><marc:datafield tag="912" ind1=" " ind2=" "><marc:subfield code="a">EBA_DUK_ALL</marc:subfield></marc:datafield><marc:datafield tag="912" ind1=" " ind2=" "><marc:subfield code="a">EBA_DUK_EALL</marc:subfield></marc:datafield><marc:datafield tag="912" ind1=" " ind2=" "><marc:subfield code="a">EBA_DUK_SSHALL</marc:subfield></marc:datafield><marc:datafield tag="912" ind1=" " ind2=" "><marc:subfield code="a">GBV-deGruyter-alles</marc:subfield></marc:datafield><marc:datafield tag="912" ind1=" " ind2=" "><marc:subfield code="a">ZDB-23-DGG</marc:subfield><marc:subfield code="b">2021</marc:subfield></marc:datafield><marc:datafield tag="912" ind1=" " ind2=" "><marc:subfield code="a">ZDB-23-DSP</marc:subfield><marc:subfield code="b">2021</marc:subfield></marc:datafield></marc:record>
<marc:record><marc:leader>16470nam a22015135i 4500</marc:leader>
<marc:controlfield tag="001">9781478021209</marc:controlfield>
<marc:controlfield tag="003">DE-B1597</marc:controlfield><marc:controlfield tag="005">20210729020517.0</marc:controlfield><marc:controlfield tag="006">m|||||o||d||||||||</marc:controlfield><marc:controlfield tag="007">cr || ||||||||</marc:controlfield><marc:controlfield tag="008">210729t20212021ncu    fo  d z      eng d</marc:controlfield><marc:datafield tag="010" ind1=" " ind2=" "><marc:subfield code="a">2020038094</marc:subfield></marc:datafield><marc:datafield tag="020" ind1=" " ind2=" "><marc:subfield code="a">9781478021209</marc:subfield></marc:datafield><marc:datafield tag="024" ind1="7" ind2=" "><marc:subfield code="a">10.1515/9781478021209</marc:subfield><marc:subfield code="2">doi</marc:subfield></marc:datafield><marc:datafield tag="035" ind1=" " ind2=" "><marc:subfield code="a">(DE-B1597)584769</marc:subfield></marc:datafield><marc:datafield tag="040" ind1=" " ind2=" "><marc:subfield code="a">DE-B1597</marc:subfield><marc:subfield code="b">eng</marc:subfield><marc:subfield code="c">DE-B1597</marc:subfield><marc:subfield code="e">rda</marc:subfield></marc:datafield><marc:datafield tag="041" ind1="0" ind2=" "><marc:subfield code="a">eng</marc:subfield></marc:datafield><marc:datafield tag="044" ind1=" " ind2=" "><marc:subfield code="a">ncu</marc:subfield><marc:subfield code="c">US-NC</marc:subfield></marc:datafield><marc:datafield tag="050" ind1="0" ind2="0"><marc:subfield code="a">RE46</marc:subfield></marc:datafield><marc:datafield tag="050" ind1=" " ind2="4"><marc:subfield code="a">RE46</marc:subfield><marc:subfield code="b">.A44 2021</marc:subfield></marc:datafield><marc:datafield tag="072" ind1=" " ind2="7"><marc:subfield code="a">HEA037000</marc:subfield><marc:subfield code="2">bisacsh</marc:subfield></marc:datafield><marc:datafield tag="082" ind1="0" ind2="4"><marc:subfield code="a">617.7/1</marc:subfield><marc:subfield code="2">23</marc:subfield></marc:datafield><marc:datafield tag="245" ind1="0" ind2="0"><marc:subfield code="a">All about Your Eyes, Second Edition, revised and updated /</marc:subfield><marc:subfield code="c">ed. by Henry L. Feng, Tanya S. Glaser, Sharon Fekrat.</marc:subfield></marc:datafield><marc:datafield tag="264" ind1=" " ind2="1"><marc:subfield code="a">Durham : </marc:subfield><marc:subfield code="b">Duke University Press, </marc:subfield><marc:subfield code="c">[2021]</marc:subfield></marc:datafield><marc:datafield tag="264" ind1=" " ind2="4"><marc:subfield code="c">©2021</marc:subfield></marc:datafield><marc:datafield tag="300" ind1=" " ind2=" "><marc:subfield code="a">1 online resource (255 p.)</marc:subfield></marc:datafield><marc:datafield tag="336" ind1=" " ind2=" "><marc:subfield code="a">text</marc:subfield><marc:subfield code="b">txt</marc:subfield><marc:subfield code="2">rdacontent</marc:subfield></marc:datafield><marc:datafield tag="337" ind1=" " ind2=" "><marc:subfield code="a">computer</marc:subfield><marc:subfield code="b">c</marc:subfield><marc:subfield code="2">rdamedia</marc:subfield></marc:datafield><marc:datafield tag="338" ind1=" " ind2=" "><marc:subfield code="a">online resource</marc:subfield><marc:subfield code="b">cr</marc:subfield><marc:subfield code="2">rdacarrier</marc:subfield></marc:datafield><marc:datafield tag="347" ind1=" " ind2=" "><marc:subfield code="a">text file</marc:subfield><marc:subfield code="b">PDF</marc:subfield><marc:subfield code="2">rda</marc:subfield></marc:datafield><marc:datafield tag="505" ind1="0" ind2="0"><marc:subfield code="t">Frontmatter -- </marc:subfield><marc:subfield code="t">Contents -- </marc:subfield><marc:subfield code="t">Illustrations -- </marc:subfield><marc:subfield code="t">Foreword -- </marc:subfield><marc:subfield code="t">Introduction -- </marc:subfield><marc:subfield code="t">1. Anatomy of the Eye and How It Works -- </marc:subfield><marc:subfield code="t">Eyelids -- </marc:subfield><marc:subfield code="t">Conjunctiva -- </marc:subfield><marc:subfield code="t">Sclera -- </marc:subfield><marc:subfield code="t">Cornea -- </marc:subfield><marc:subfield code="t">Iris and Ciliary Body -- </marc:subfield><marc:subfield code="t">Pupil -- </marc:subfield><marc:subfield code="t">Chambers -- </marc:subfield><marc:subfield code="t">Lens -- </marc:subfield><marc:subfield code="t">Vitreous -- </marc:subfield><marc:subfield code="t">Retina -- </marc:subfield><marc:subfield code="t">Retinal Pigment Epithelium and Bruch Membrane -- </marc:subfield><marc:subfield code="t">Choroid -- </marc:subfield><marc:subfield code="t">Optic Nerve -- </marc:subfield><marc:subfield code="t">Orbit -- </marc:subfield><marc:subfield code="t">Pathways from the Eye to the Brain -- </marc:subfield><marc:subfield code="t">How the Eye Works -- </marc:subfield><marc:subfield code="t">2. Preventive Eye Care -- </marc:subfield><marc:subfield code="t">Recommended Schedule for Eye Exams -- </marc:subfield><marc:subfield code="t">Eye Care Specialists: Opticians, Optometrists, and Eye MDs (Ophthalmologists), and Ophthalmic Allied Health Professionals -- </marc:subfield><marc:subfield code="t">The Eye Exam -- </marc:subfield><marc:subfield code="t">3. Why Do I Need Glasses? -- </marc:subfield><marc:subfield code="t">Nearsightedness -- </marc:subfield><marc:subfield code="t">Farsightedness -- </marc:subfield><marc:subfield code="t">Astigmatism -- </marc:subfield><marc:subfield code="t">Presbyopia -- </marc:subfield><marc:subfield code="t">4. Options for Correcting Vision -- </marc:subfield><marc:subfield code="t">Eyeglasses -- </marc:subfield><marc:subfield code="t">Contact Lenses -- </marc:subfield><marc:subfield code="t">Refractive Surgery -- </marc:subfield><marc:subfield code="t">Protective Eyewear -- </marc:subfield><marc:subfield code="t">5. Eyelids and Eyelashes -- </marc:subfield><marc:subfield code="t">Blepharitis -- </marc:subfield><marc:subfield code="t">Ocular Rosacea -- </marc:subfield><marc:subfield code="t">Stye and Chalazion -- </marc:subfield><marc:subfield code="t">Dacryocystitis: Infection of the Tear Drainage Pathway -- </marc:subfield><marc:subfield code="t">Drooping Eyelids -- </marc:subfield><marc:subfield code="t">Ectropion and Entropion: Everted and Inverted Eyelids -- </marc:subfield><marc:subfield code="t">Cancers and Benign Lesions of the Eyelids -- </marc:subfield><marc:subfield code="t">Blepharospasm -- </marc:subfield><marc:subfield code="t">6. Conjunctiva and Sclera -- </marc:subfield><marc:subfield code="t">Conjunctivitis (Pink Eye) -- </marc:subfield><marc:subfield code="t">Subconjunctival Hemorrhage -- </marc:subfield><marc:subfield code="t">Pingueculum and Pterygium (Surfer’s Eye) -- </marc:subfield><marc:subfield code="t">Episcleritis -- </marc:subfield><marc:subfield code="t">Scleritis -- </marc:subfield><marc:subfield code="t">7. The Cornea -- </marc:subfield><marc:subfield code="t">Dry Eye Syndrome -- </marc:subfield><marc:subfield code="t">Infectious Keratitis -- </marc:subfield><marc:subfield code="t">Corneal Abrasion -- </marc:subfield><marc:subfield code="t">Recurrent Corneal Erosion Syndrome -- </marc:subfield><marc:subfield code="t">Corneal Ulcer -- </marc:subfield><marc:subfield code="t">Keratoconus -- </marc:subfield><marc:subfield code="t">Fuchs Endothelial Corneal Dystrophy -- </marc:subfield><marc:subfield code="t">Corneal Transplantation -- </marc:subfield><marc:subfield code="t">8. Lens and Cataract -- </marc:subfield><marc:subfield code="t">Cataract -- </marc:subfield><marc:subfield code="t">Cataract Surgery -- </marc:subfield><marc:subfield code="t">Posterior Capsule Opacification (‘‘After Cataract’’) -- </marc:subfield><marc:subfield code="t">Dislocated Lens -- </marc:subfield><marc:subfield code="t">9. Age-Related Macular Degeneration -- </marc:subfield><marc:subfield code="t">10. Diabetic Retinopathy -- </marc:subfield><marc:subfield code="t">11. Other Conditions of the Retina and Choroid -- </marc:subfield><marc:subfield code="t">Hypertensive Retinopathy -- </marc:subfield><marc:subfield code="t">Retinal Artery Occlusion -- </marc:subfield><marc:subfield code="t">Branch Retinal Vein Occlusion (BRVO) -- </marc:subfield><marc:subfield code="t">Central Retinal Vein Occlusion (CRVO) -- </marc:subfield><marc:subfield code="t">Cystoid Macular Edema -- </marc:subfield><marc:subfield code="t">Central Serous Chorioretinopathy -- </marc:subfield><marc:subfield code="t">Posterior Vitreous Detachment/Flashes and Floaters -- </marc:subfield><marc:subfield code="t">Macular Hole -- </marc:subfield><marc:subfield code="t">Epiretinal Membrane -- </marc:subfield><marc:subfield code="t">Retinal Detachment -- </marc:subfield><marc:subfield code="t">Proliferative Vitreoretinopathy -- </marc:subfield><marc:subfield code="t">Retinitis Pigmentosa and Other Hereditary Retinal Degenerations -- </marc:subfield><marc:subfield code="t">Color Blindness -- </marc:subfield><marc:subfield code="t">Laser Treatment of Retinal Diseases -- </marc:subfield><marc:subfield code="t">Retinal Surgery -- </marc:subfield><marc:subfield code="t">12. Infection and Inflammation of the Eye -- </marc:subfield><marc:subfield code="t">Uveitis -- </marc:subfield><marc:subfield code="t">Endophthalmitis -- </marc:subfield><marc:subfield code="t">Viral Retinitis -- </marc:subfield><marc:subfield code="t">13. Tumors of the Eye and Orbit -- </marc:subfield><marc:subfield code="t">Retinoblastoma -- </marc:subfield><marc:subfield code="t">Intraocular Melanoma -- </marc:subfield><marc:subfield code="t">Other Tumors of the Retina and Choroid -- </marc:subfield><marc:subfield code="t">Tumors of the Orbit -- </marc:subfield><marc:subfield code="t">14. The Optic Nerve -- </marc:subfield><marc:subfield code="t">Optic Neuropathy -- </marc:subfield><marc:subfield code="t">Glaucoma -- </marc:subfield><marc:subfield code="t">Laser Treatment of Glaucoma -- </marc:subfield><marc:subfield code="t">Glaucoma Surgery -- </marc:subfield><marc:subfield code="t">Minimally Invasive Glaucoma Surgery (MIGS) -- </marc:subfield><marc:subfield code="t">Optic Neuritis -- </marc:subfield><marc:subfield code="t">Papilledema -- </marc:subfield><marc:subfield code="t">15. The Eye Muscles -- </marc:subfield><marc:subfield code="t">Strabismus (Misaligned Eyes) -- </marc:subfield><marc:subfield code="t">Amblyopia (Lazy Eye) -- </marc:subfield><marc:subfield code="t">16. The Orbit -- </marc:subfield><marc:subfield code="t">Orbital Cellulitis -- </marc:subfield><marc:subfield code="t">Thyroid Eye Disease -- </marc:subfield><marc:subfield code="t">17. Eye Injury -- </marc:subfield><marc:subfield code="t">Orbital Ecchymosis (Black Eye) -- </marc:subfield><marc:subfield code="t">Hyphema -- </marc:subfield><marc:subfield code="t">Orbital Fracture -- </marc:subfield><marc:subfield code="t">Open Globe -- </marc:subfield><marc:subfield code="t">Foreign Body -- </marc:subfield><marc:subfield code="t">Chemical Injury -- </marc:subfield><marc:subfield code="t">Eyelid Lacerations -- </marc:subfield><marc:subfield code="t">Ocular Prosthesis (Artificial or “Glass” Eye) -- </marc:subfield><marc:subfield code="t">18. Systemic Diseases That Affect Vision and the Eye -- </marc:subfield><marc:subfield code="t">Diabetes Mellitus -- </marc:subfield><marc:subfield code="t">Hypertension (High Blood Pressure) -- </marc:subfield><marc:subfield code="t">Carotid Artery Disease (Ocular Ischemic Syndrome) -- </marc:subfield><marc:subfield code="t">Multiple Sclerosis -- </marc:subfield><marc:subfield code="t">Autoimmune Diseases -- </marc:subfield><marc:subfield code="t">Migraine -- </marc:subfield><marc:subfield code="t">Temporal (Giant Cell) Arteritis -- </marc:subfield><marc:subfield code="t">Sexually Transmitted Diseases -- </marc:subfield><marc:subfield code="t">Brain Tumors -- </marc:subfield><marc:subfield code="t">Stroke and Cranial Nerve Palsies -- </marc:subfield><marc:subfield code="t">Human Immunodeficiency Virus -- </marc:subfield><marc:subfield code="t">19. Cosmetic Eyelid Surgery -- </marc:subfield><marc:subfield code="t">20. Living with Visual Impairment -- </marc:subfield><marc:subfield code="t">Impact of Living with Visual Impairment -- </marc:subfield><marc:subfield code="t">Low Vision Aids and Strategies to Maximize Functional Vision -- </marc:subfield><marc:subfield code="t">Retinal Prosthesis (Argus II, the “Bionic Eye”) -- </marc:subfield><marc:subfield code="t">21. What Tests May the Doctor Order? -- </marc:subfield><marc:subfield code="t">Optical Coherence Tomography -- </marc:subfield><marc:subfield code="t">Fundus Autofluorescence -- </marc:subfield><marc:subfield code="t">Fluorescein Angiography -- </marc:subfield><marc:subfield code="t">Indocyanine Green Angiography -- </marc:subfield><marc:subfield code="t">Optical Coherence Tomography Angiography (OCT-A) Tomography -- </marc:subfield><marc:subfield code="t">Specialized Tests: Electroretinography, Electrooculography, and Visual Evoked Potential -- </marc:subfield><marc:subfield code="t">Ultrasound of the Eye -- </marc:subfield><marc:subfield code="t">Appendix: How to Put in Eye Drops -- </marc:subfield><marc:subfield code="t">Glossary -- </marc:subfield><marc:subfield code="t">Contributors -- </marc:subfield><marc:subfield code="t">Index</marc:subfield></marc:datafield><marc:datafield tag="506" ind1="0" ind2=" "><marc:subfield code="a">restricted access</marc:subfield><marc:subfield code="u">http://purl.org/coar/access_right/c_16ec</marc:subfield><marc:subfield code="f">online access with authorization</marc:subfield><marc:subfield code="2">star</marc:subfield></marc:datafield><marc:datafield tag="520" ind1=" " ind2=" "><marc:subfield code="a">A concise, easy-to-understand reference book, the revised and updated second edition of All about Your Eyes tells you what you need to know to care for your eyes and what to expect from your eye doctor. In this reliable guide, leading eye care experts:* explain eye anatomy and how healthy eyes work* describe various eye diseases, including pink eye, cataract, glaucoma, age-related macular degeneration, and diabetic retinopathy* provide up-to-date information on surgeryFor each eye problem, the authors describe in simple, straightforward language:* what it is* the symptoms* what, if anything, you can do to prevent it* when to call the doctor* diagnostic tests and treatment* the likelihood of recoveryAll about Your Eyes includes a glossary of technical terms and, following each entry, links to websites where further information may be found.Contributors. Natalie A. Afshari, MD, Rosanna P. Bahadur, MD, Paramjit K. Bhullar, MD, Faith A. Birnbaum, MD, Cassandra C. Brooks, MD, Pratap Challa, MD, Melissa Mei-Hsia Chan, MBBS, Ravi Chandrashekhar, MD, MSEE, Nathan Cheung, OD, FAAO Claudia S. Cohen, MD, Vincent A. Deramo, MD, Cathy DiBernardo, RN, Laura B. Enyedi, MD, Sharon Fekrat, MD, Henry L. Feng, MD, Brenton D. Finklea, MD, Anna Ginter, MD, Tanya S. Glaser, MD, Michelle Sy Go, MD, MS, Mark Goerlitz-Jessen, MD, Herb Greenman, MD, Abhilash Guduru, MD, Preeya Gupta, MD, Renee Halberg, MSW, LCSW, S. Tammy Hsu, MD, Alessandro Iannaccone, MD, MS, FARVO, Charlene L. James, OD, Kim Jiramongkolchai, MD, Michael P. Kelly, FOPS, Muge R. Kesen, MD, Kirin Khan, MD, Wajiha Jurdi Kheir, MD, Jane S. Kim, MD, Jennifer Lira, MD, Katy C. Liu, MD, PhD, Ramiro S. Maldonado, MD, Ankur Mehra, MD, Priyatham S. Mettu, MD, Prithvi Mruthyunjaya, MD, MHS, Nisha Mukherjee, MD, Kenneth Neufeld, MD, Kristen Peterson, MD, James H. Powers, MD, S. Grace Prakalapakorn, MD, MPH, Michael Quist, MD, Leon Rafailov, MD, Roshni Ranjit-Reeves, MD, Nikolas Raufi, MD, William Raynor, BS, Cason Robbins, BS, Ananth Sastry, MD, Dianna L. Seldomridge, MD, MBA, Terry Semchyshyn, MD, Ann Shue, MD, Julia Song, MD, Brian Stagg, MD, Christopher Sun, MBBS, Anthony Therattil, BS, Daniel S.W. Ting, MBBS, Fay Jobe Tripp, MS, OTR/L, CLVT, CDRS, Obinna Umunakwe, MD, PhD, Lejla Vajzovic, MD, Susan M. Wakil, MD, C. Ellis Wisely, MD, MBA, Julie A. Woodward, MD</marc:subfield></marc:datafield><marc:datafield tag="538" ind1=" " ind2=" "><marc:subfield code="a">Mode of access: Internet via World Wide Web.</marc:subfield></marc:datafield><marc:datafield tag="546" ind1=" " ind2=" "><marc:subfield code="a">In English.</marc:subfield></marc:datafield><marc:datafield tag="588" ind1="0" ind2=" "><marc:subfield code="a">Description based on online resource; title from PDF title page (publisher's Web site, viewed 29. Jul 2021)</marc:subfield></marc:datafield><marc:datafield tag="650" ind1=" " ind2="0"><marc:subfield code="a">Eye</marc:subfield><marc:subfield code="x">Diseases.</marc:subfield></marc:datafield><marc:datafield tag="650" ind1=" " ind2="0"><marc:subfield code="a">Ophthalmology.</marc:subfield></marc:datafield><marc:datafield tag="650" ind1=" " ind2="7"><marc:subfield code="a">HEALTH &amp; FITNESS / Vision.</marc:subfield><marc:subfield code="2">bisacsh</marc:subfield></marc:datafield><marc:datafield tag="700" ind1="1" ind2=" "><marc:subfield code="a">Afshari, Natalie A., </marc:subfield><marc:subfield code="e">contributor.</marc:subfield><marc:subfield code="4">ctb</marc:subfield><marc:subfield code="4">https://id.loc.gov/vocabulary/relators/ctb</marc:subfield></marc:datafield><marc:datafield tag="700" ind1="1" ind2=" "><marc:subfield code="a">Bahadur, Rosanna P., </marc:subfield><marc:subfield code="e">contributor.</marc:subfield><marc:subfield code="4">ctb</marc:subfield><marc:subfield code="4">https://id.loc.gov/vocabulary/relators/ctb</marc:subfield></marc:datafield><marc:datafield tag="700" ind1="1" ind2=" "><marc:subfield code="a">Bhullar, Paramjit K., </marc:subfield><marc:subfield code="e">contributor.</marc:subfield><marc:subfield code="4">ctb</marc:subfield><marc:subfield code="4">https://id.loc.gov/vocabulary/relators/ctb</marc:subfield></marc:datafield><marc:datafield tag="700" ind1="1" ind2=" "><marc:subfield code="a">Birnbaum, Faith A., </marc:subfield><marc:subfield code="e">contributor.</marc:subfield><marc:subfield code="4">ctb</marc:subfield><marc:subfield code="4">https://id.loc.gov/vocabulary/relators/ctb</marc:subfield></marc:datafield><marc:datafield tag="700" ind1="1" ind2=" "><marc:subfield code="a">Brooks, Cassandra C., </marc:subfield><marc:subfield code="e">contributor.</marc:subfield><marc:subfield code="4">ctb</marc:subfield><marc:subfield code="4">https://id.loc.gov/vocabulary/relators/ctb</marc:subfield></marc:datafield><marc:datafield tag="700" ind1="1" ind2=" "><marc:subfield code="a">Buckley, Edward, </marc:subfield><marc:subfield code="e">contributor.</marc:subfield><marc:subfield code="4">ctb</marc:subfield><marc:subfield code="4">https://id.loc.gov/vocabulary/relators/ctb</marc:subfield></marc:datafield><marc:datafield tag="700" ind1="1" ind2=" "><marc:subfield code="a">Challa, Pratap, </marc:subfield><marc:subfield code="e">contributor.</marc:subfield><marc:subfield code="4">ctb</marc:subfield><marc:subfield code="4">https://id.loc.gov/vocabulary/relators/ctb</marc:subfield></marc:datafield><marc:datafield tag="700" ind1="1" ind2=" "><marc:subfield code="a">Chan, Melissa Mei-Hsia, </marc:subfield><marc:subfield code="e">contributor.</marc:subfield><marc:subfield code="4">ctb</marc:subfield><marc:subfield code="4">https://id.loc.gov/vocabulary/relators/ctb</marc:subfield></marc:datafield><marc:datafield tag="700" ind1="1" ind2=" "><marc:subfield code="a">Chandrashekhar, Ravi, </marc:subfield><marc:subfield code="e">contributor.</marc:subfield><marc:subfield code="4">ctb</marc:subfield><marc:subfield code="4">https://id.loc.gov/vocabulary/relators/ctb</marc:subfield></marc:datafield><marc:datafield tag="700" ind1="1" ind2=" "><marc:subfield code="a">Cheung, Nathan, </marc:subfield><marc:subfield code="e">contributor.</marc:subfield><marc:subfield code="4">ctb</marc:subfield><marc:subfield code="4">https://id.loc.gov/vocabulary/relators/ctb</marc:subfield></marc:datafield><marc:datafield tag="700" ind1="1" ind2=" "><marc:subfield code="a">Cohen, Claudia S., </marc:subfield><marc:subfield code="e">contributor.</marc:subfield><marc:subfield code="4">ctb</marc:subfield><marc:subfield code="4">https://id.loc.gov/vocabulary/relators/ctb</marc:subfield></marc:datafield><marc:datafield tag="700" ind1="1" ind2=" "><marc:subfield code="a">Deramo, Vincent A., </marc:subfield><marc:subfield code="e">contributor.</marc:subfield><marc:subfield code="4">ctb</marc:subfield><marc:subfield code="4">https://id.loc.gov/vocabulary/relators/ctb</marc:subfield></marc:datafield><marc:datafield tag="700" ind1="1" ind2=" "><marc:subfield code="a">Dibernardo, Cathy, </marc:subfield><marc:subfield code="e">contributor.</marc:subfield><marc:subfield code="4">ctb</marc:subfield><marc:subfield code="4">https://id.loc.gov/vocabulary/relators/ctb</marc:subfield></marc:datafield><marc:datafield tag="700" ind1="1" ind2=" "><marc:subfield code="a">Enyedi, Laura B., </marc:subfield><marc:subfield code="e">contributor.</marc:subfield><marc:subfield code="4">ctb</marc:subfield><marc:subfield code="4">https://id.loc.gov/vocabulary/relators/ctb</marc:subfield></marc:datafield><marc:datafield tag="700" ind1="1" ind2=" "><marc:subfield code="a">Fekrat, Sharon, </marc:subfield><marc:subfield code="e">contributor.</marc:subfield><marc:subfield code="4">ctb</marc:subfield><marc:subfield code="4">https://id.loc.gov/vocabulary/relators/ctb</marc:subfield></marc:datafield><marc:datafield tag="700" ind1="1" ind2=" "><marc:subfield code="a">Fekrat, Sharon, </marc:subfield><marc:subfield code="e">editor.</marc:subfield><marc:subfield code="4">edt</marc:subfield><marc:subfield code="4">http://id.loc.gov/vocabulary/relators/edt</marc:subfield></marc:datafield><marc:datafield tag="700" ind1="1" ind2=" "><marc:subfield code="a">Feng, Henry L., </marc:subfield><marc:subfield code="e">contributor.</marc:subfield><marc:subfield code="4">ctb</marc:subfield><marc:subfield code="4">https://id.loc.gov/vocabulary/relators/ctb</marc:subfield></marc:datafield><marc:datafield tag="700" ind1="1" ind2=" "><marc:subfield code="a">Feng, Henry L., </marc:subfield><marc:subfield code="e">editor.</marc:subfield><marc:subfield code="4">edt</marc:subfield><marc:subfield code="4">http://id.loc.gov/vocabulary/relators/edt</marc:subfield></marc:datafield><marc:datafield tag="700" ind1="1" ind2=" "><marc:subfield code="a">Feng, Henry, </marc:subfield><marc:subfield code="e">contributor.</marc:subfield><marc:subfield code="4">ctb</marc:subfield><marc:subfield code="4">https://id.loc.gov/vocabulary/relators/ctb</marc:subfield></marc:datafield><marc:datafield tag="700" ind1="1" ind2=" "><marc:subfield code="a">Finklea, Brenton D., </marc:subfield><marc:subfield code="e">contributor.</marc:subfield><marc:subfield code="4">ctb</marc:subfield><marc:subfield code="4">https://id.loc.gov/vocabulary/relators/ctb</marc:subfield></marc:datafield><marc:datafield tag="700" ind1="1" ind2=" "><marc:subfield code="a">Ginter, Anna, </marc:subfield><marc:subfield code="e">contributor.</marc:subfield><marc:subfield code="4">ctb</marc:subfield><marc:subfield code="4">https://id.loc.gov/vocabulary/relators/ctb</marc:subfield></marc:datafield><marc:datafield tag="700" ind1="1" ind2=" "><marc:subfield code="a">Glaser, Tanya S., </marc:subfield><marc:subfield code="e">contributor.</marc:subfield><marc:subfield code="4">ctb</marc:subfield><marc:subfield code="4">https://id.loc.gov/vocabulary/relators/ctb</marc:subfield></marc:datafield><marc:datafield tag="700" ind1="1" ind2=" "><marc:subfield code="a">Glaser, Tanya S., </marc:subfield><marc:subfield code="e">editor.</marc:subfield><marc:subfield code="4">edt</marc:subfield><marc:subfield code="4">http://id.loc.gov/vocabulary/relators/edt</marc:subfield></marc:datafield><marc:datafield tag="700" ind1="1" ind2=" "><marc:subfield code="a">Glaser, Tanya, </marc:subfield><marc:subfield code="e">contributor.</marc:subfield><marc:subfield code="4">ctb</marc:subfield><marc:subfield code="4">https://id.loc.gov/vocabulary/relators/ctb</marc:subfield></marc:datafield><marc:datafield tag="700" ind1="1" ind2=" "><marc:subfield code="a">Goerlitz-Jessen, Mark, </marc:subfield><marc:subfield code="e">contributor.</marc:subfield><marc:subfield code="4">ctb</marc:subfield><marc:subfield code="4">https://id.loc.gov/vocabulary/relators/ctb</marc:subfield></marc:datafield><marc:datafield tag="700" ind1="1" ind2=" "><marc:subfield code="a">Greenman, Herb, </marc:subfield><marc:subfield code="e">contributor.</marc:subfield><marc:subfield code="4">ctb</marc:subfield><marc:subfield code="4">https://id.loc.gov/vocabulary/relators/ctb</marc:subfield></marc:datafield><marc:datafield tag="700" ind1="1" ind2=" "><marc:subfield code="a">Guduru, Abhilash, </marc:subfield><marc:subfield code="e">contributor.</marc:subfield><marc:subfield code="4">ctb</marc:subfield><marc:subfield code="4">https://id.loc.gov/vocabulary/relators/ctb</marc:subfield></marc:datafield><marc:datafield tag="700" ind1="1" ind2=" "><marc:subfield code="a">Gupta, Preeya, </marc:subfield><marc:subfield code="e">contributor.</marc:subfield><marc:subfield code="4">ctb</marc:subfield><marc:subfield code="4">https://id.loc.gov/vocabulary/relators/ctb</marc:subfield></marc:datafield><marc:datafield tag="700" ind1="1" ind2=" "><marc:subfield code="a">Halberg, Renee, </marc:subfield><marc:subfield code="e">contributor.</marc:subfield><marc:subfield code="4">ctb</marc:subfield><marc:subfield code="4">https://id.loc.gov/vocabulary/relators/ctb</marc:subfield></marc:datafield><marc:datafield tag="700" ind1="1" ind2=" "><marc:subfield code="a">Hsu, S. Tammy, </marc:subfield><marc:subfield code="e">contributor.</marc:subfield><marc:subfield code="4">ctb</marc:subfield><marc:subfield code="4">https://id.loc.gov/vocabulary/relators/ctb</marc:subfield></marc:datafield><marc:datafield tag="700" ind1="1" ind2=" "><marc:subfield code="a">Iannaccone, Alessandro, </marc:subfield><marc:subfield code="e">contributor.</marc:subfield><marc:subfield code="4">ctb</marc:subfield><marc:subfield code="4">https://id.loc.gov/vocabulary/relators/ctb</marc:subfield></marc:datafield><marc:datafield tag="700" ind1="1" ind2=" "><marc:subfield code="a">James, Charlene L., </marc:subfield><marc:subfield code="e">contributor.</marc:subfield><marc:subfield code="4">ctb</marc:subfield><marc:subfield code="4">https://id.loc.gov/vocabulary/relators/ctb</marc:subfield></marc:datafield><marc:datafield tag="700" ind1="1" ind2=" "><marc:subfield code="a">Jiramongkolchai, Kim, </marc:subfield><marc:subfield code="e">contributor.</marc:subfield><marc:subfield code="4">ctb</marc:subfield><marc:subfield code="4">https://id.loc.gov/vocabulary/relators/ctb</marc:subfield></marc:datafield><marc:datafield tag="700" ind1="1" ind2=" "><marc:subfield code="a">Kelly, Michael P., </marc:subfield><marc:subfield code="e">contributor.</marc:subfield><marc:subfield code="4">ctb</marc:subfield><marc:subfield code="4">https://id.loc.gov/vocabulary/relators/ctb</marc:subfield></marc:datafield><marc:datafield tag="700" ind1="1" ind2=" "><marc:subfield code="a">Kesen, Muge R., </marc:subfield><marc:subfield code="e">contributor.</marc:subfield><marc:subfield code="4">ctb</marc:subfield><marc:subfield code="4">https://id.loc.gov/vocabulary/relators/ctb</marc:subfield></marc:datafield><marc:datafield tag="700" ind1="1" ind2=" "><marc:subfield code="a">Khan, Kirin, </marc:subfield><marc:subfield code="e">contributor.</marc:subfield><marc:subfield code="4">ctb</marc:subfield><marc:subfield code="4">https://id.loc.gov/vocabulary/relators/ctb</marc:subfield></marc:datafield><marc:datafield tag="700" ind1="1" ind2=" "><marc:subfield code="a">Kheir, Wajiha Jurdi, </marc:subfield><marc:subfield code="e">contributor.</marc:subfield><marc:subfield code="4">ctb</marc:subfield><marc:subfield code="4">https://id.loc.gov/vocabulary/relators/ctb</marc:subfield></marc:datafield><marc:datafield tag="700" ind1="1" ind2=" "><marc:subfield code="a">Kim, Jane S., </marc:subfield><marc:subfield code="e">contributor.</marc:subfield><marc:subfield code="4">ctb</marc:subfield><marc:subfield code="4">https://id.loc.gov/vocabulary/relators/ctb</marc:subfield></marc:datafield><marc:datafield tag="700" ind1="1" ind2=" "><marc:subfield code="a">Lira, Jennifer, </marc:subfield><marc:subfield code="e">contributor.</marc:subfield><marc:subfield code="4">ctb</marc:subfield><marc:subfield code="4">https://id.loc.gov/vocabulary/relators/ctb</marc:subfield></marc:datafield><marc:datafield tag="700" ind1="1" ind2=" "><marc:subfield code="a">Liu, Katy C., </marc:subfield><marc:subfield code="e">contributor.</marc:subfield><marc:subfield code="4">ctb</marc:subfield><marc:subfield code="4">https://id.loc.gov/vocabulary/relators/ctb</marc:subfield></marc:datafield><marc:datafield tag="700" ind1="1" ind2=" "><marc:subfield code="a">Maldonado, Ramiro S., </marc:subfield><marc:subfield code="e">contributor.</marc:subfield><marc:subfield code="4">ctb</marc:subfield><marc:subfield code="4">https://id.loc.gov/vocabulary/relators/ctb</marc:subfield></marc:datafield><marc:datafield tag="700" ind1="1" ind2=" "><marc:subfield code="a">Mehra, Ankur, </marc:subfield><marc:subfield code="e">contributor.</marc:subfield><marc:subfield code="4">ctb</marc:subfield><marc:subfield code="4">https://id.loc.gov/vocabulary/relators/ctb</marc:subfield></marc:datafield><marc:datafield tag="700" ind1="1" ind2=" "><marc:subfield code="a">Mei-Hsia Chan, Melissa, </marc:subfield><marc:subfield code="e">contributor.</marc:subfield><marc:subfield code="4">ctb</marc:subfield><marc:subfield code="4">https://id.loc.gov/vocabulary/relators/ctb</marc:subfield></marc:datafield><marc:datafield tag="700" ind1="1" ind2=" "><marc:subfield code="a">Mettu, Priyatham S., </marc:subfield><marc:subfield code="e">contributor.</marc:subfield><marc:subfield code="4">ctb</marc:subfield><marc:subfield code="4">https://id.loc.gov/vocabulary/relators/ctb</marc:subfield></marc:datafield><marc:datafield tag="700" ind1="1" ind2=" "><marc:subfield code="a">Mruthyunjaya, Prithvi, </marc:subfield><marc:subfield code="e">contributor.</marc:subfield><marc:subfield code="4">ctb</marc:subfield><marc:subfield code="4">https://id.loc.gov/vocabulary/relators/ctb</marc:subfield></marc:datafield><marc:datafield tag="700" ind1="1" ind2=" "><marc:subfield code="a">Mukherjee, Nisha, </marc:subfield><marc:subfield code="e">contributor.</marc:subfield><marc:subfield code="4">ctb</marc:subfield><marc:subfield code="4">https://id.loc.gov/vocabulary/relators/ctb</marc:subfield></marc:datafield><marc:datafield tag="700" ind1="1" ind2=" "><marc:subfield code="a">Neufeld, Kenneth, </marc:subfield><marc:subfield code="e">contributor.</marc:subfield><marc:subfield code="4">ctb</marc:subfield><marc:subfield code="4">https://id.loc.gov/vocabulary/relators/ctb</marc:subfield></marc:datafield><marc:datafield tag="700" ind1="1" ind2=" "><marc:subfield code="a">Nwanaji-Enwerem, Onyemaechi, </marc:subfield><marc:subfield code="e">contributor.</marc:subfield><marc:subfield code="4">ctb</marc:subfield><marc:subfield code="4">https://id.loc.gov/vocabulary/relators/ctb</marc:subfield></marc:datafield><marc:datafield tag="700" ind1="1" ind2=" "><marc:subfield code="a">Peterson, Kristen M., </marc:subfield><marc:subfield code="e">contributor.</marc:subfield><marc:subfield code="4">ctb</marc:subfield><marc:subfield code="4">https://id.loc.gov/vocabulary/relators/ctb</marc:subfield></marc:datafield><marc:datafield tag="700" ind1="1" ind2=" "><marc:subfield code="a">Powers, James H., </marc:subfield><marc:subfield code="e">contributor.</marc:subfield><marc:subfield code="4">ctb</marc:subfield><marc:subfield code="4">https://id.loc.gov/vocabulary/relators/ctb</marc:subfield></marc:datafield><marc:datafield tag="700" ind1="1" ind2=" "><marc:subfield code="a">Prakalapakorn, S. Grace, </marc:subfield><marc:subfield code="e">contributor.</marc:subfield><marc:subfield code="4">ctb</marc:subfield><marc:subfield code="4">https://id.loc.gov/vocabulary/relators/ctb</marc:subfield></marc:datafield><marc:datafield tag="700" ind1="1" ind2=" "><marc:subfield code="a">Quist, Michael S., </marc:subfield><marc:subfield code="e">contributor.</marc:subfield><marc:subfield code="4">ctb</marc:subfield><marc:subfield code="4">https://id.loc.gov/vocabulary/relators/ctb</marc:subfield></marc:datafield><marc:datafield tag="700" ind1="1" ind2=" "><marc:subfield code="a">Rafailov, Leon, </marc:subfield><marc:subfield code="e">contributor.</marc:subfield><marc:subfield code="4">ctb</marc:subfield><marc:subfield code="4">https://id.loc.gov/vocabulary/relators/ctb</marc:subfield></marc:datafield><marc:datafield tag="700" ind1="1" ind2=" "><marc:subfield code="a">Ranjit-Reeves, Roshni, </marc:subfield><marc:subfield code="e">contributor.</marc:subfield><marc:subfield code="4">ctb</marc:subfield><marc:subfield code="4">https://id.loc.gov/vocabulary/relators/ctb</marc:subfield></marc:datafield><marc:datafield tag="700" ind1="1" ind2=" "><marc:subfield code="a">Raufi, Nikolas, </marc:subfield><marc:subfield code="e">contributor.</marc:subfield><marc:subfield code="4">ctb</marc:subfield><marc:subfield code="4">https://id.loc.gov/vocabulary/relators/ctb</marc:subfield></marc:datafield><marc:datafield tag="700" ind1="1" ind2=" "><marc:subfield code="a">Raynor, William L., </marc:subfield><marc:subfield code="e">contributor.</marc:subfield><marc:subfield code="4">ctb</marc:subfield><marc:subfield code="4">https://id.loc.gov/vocabulary/relators/ctb</marc:subfield></marc:datafield><marc:datafield tag="700" ind1="1" ind2=" "><marc:subfield code="a">Robbins, Cason, </marc:subfield><marc:subfield code="e">contributor.</marc:subfield><marc:subfield code="4">ctb</marc:subfield><marc:subfield code="4">https://id.loc.gov/vocabulary/relators/ctb</marc:subfield></marc:datafield><marc:datafield tag="700" ind1="1" ind2=" "><marc:subfield code="a">Sastry, Ananth, </marc:subfield><marc:subfield code="e">contributor.</marc:subfield><marc:subfield code="4">ctb</marc:subfield><marc:subfield code="4">https://id.loc.gov/vocabulary/relators/ctb</marc:subfield></marc:datafield><marc:datafield tag="700" ind1="1" ind2=" "><marc:subfield code="a">Seldomridge, Dianna L., </marc:subfield><marc:subfield code="e">contributor.</marc:subfield><marc:subfield code="4">ctb</marc:subfield><marc:subfield code="4">https://id.loc.gov/vocabulary/relators/ctb</marc:subfield></marc:datafield><marc:datafield tag="700" ind1="1" ind2=" "><marc:subfield code="a">Semchyshyn, Terry, </marc:subfield><marc:subfield code="e">contributor.</marc:subfield><marc:subfield code="4">ctb</marc:subfield><marc:subfield code="4">https://id.loc.gov/vocabulary/relators/ctb</marc:subfield></marc:datafield><marc:datafield tag="700" ind1="1" ind2=" "><marc:subfield code="a">Shue, Ann, </marc:subfield><marc:subfield code="e">contributor.</marc:subfield><marc:subfield code="4">ctb</marc:subfield><marc:subfield code="4">https://id.loc.gov/vocabulary/relators/ctb</marc:subfield></marc:datafield><marc:datafield tag="700" ind1="1" ind2=" "><marc:subfield code="a">Song, Julia, </marc:subfield><marc:subfield code="e">contributor.</marc:subfield><marc:subfield code="4">ctb</marc:subfield><marc:subfield code="4">https://id.loc.gov/vocabulary/relators/ctb</marc:subfield></marc:datafield><marc:datafield tag="700" ind1="1" ind2=" "><marc:subfield code="a">Stagg, Brain, </marc:subfield><marc:subfield code="e">contributor.</marc:subfield><marc:subfield code="4">ctb</marc:subfield><marc:subfield code="4">https://id.loc.gov/vocabulary/relators/ctb</marc:subfield></marc:datafield><marc:datafield tag="700" ind1="1" ind2=" "><marc:subfield code="a">Stagg, Brian, </marc:subfield><marc:subfield code="e">contributor.</marc:subfield><marc:subfield code="4">ctb</marc:subfield><marc:subfield code="4">https://id.loc.gov/vocabulary/relators/ctb</marc:subfield></marc:datafield><marc:datafield tag="700" ind1="1" ind2=" "><marc:subfield code="a">Sy Go, Michelle, </marc:subfield><marc:subfield code="e">contributor.</marc:subfield><marc:subfield code="4">ctb</marc:subfield><marc:subfield code="4">https://id.loc.gov/vocabulary/relators/ctb</marc:subfield></marc:datafield><marc:datafield tag="700" ind1="1" ind2=" "><marc:subfield code="a">Tammy, S., </marc:subfield><marc:subfield code="e">contributor.</marc:subfield><marc:subfield code="4">ctb</marc:subfield><marc:subfield code="4">https://id.loc.gov/vocabulary/relators/ctb</marc:subfield></marc:datafield><marc:datafield tag="700" ind1="1" ind2=" "><marc:subfield code="a">Therattil, Anthony, </marc:subfield><marc:subfield code="e">contributor.</marc:subfield><marc:subfield code="4">ctb</marc:subfield><marc:subfield code="4">https://id.loc.gov/vocabulary/relators/ctb</marc:subfield></marc:datafield><marc:datafield tag="700" ind1="1" ind2=" "><marc:subfield code="a">Tripp, Fay Jobe, </marc:subfield><marc:subfield code="e">contributor.</marc:subfield><marc:subfield code="4">ctb</marc:subfield><marc:subfield code="4">https://id.loc.gov/vocabulary/relators/ctb</marc:subfield></marc:datafield><marc:datafield tag="700" ind1="1" ind2=" "><marc:subfield code="a">Umunakwe, Obinna, </marc:subfield><marc:subfield code="e">contributor.</marc:subfield><marc:subfield code="4">ctb</marc:subfield><marc:subfield code="4">https://id.loc.gov/vocabulary/relators/ctb</marc:subfield></marc:datafield><marc:datafield tag="700" ind1="1" ind2=" "><marc:subfield code="a">Vajzovic, Lejla, </marc:subfield><marc:subfield code="e">contributor.</marc:subfield><marc:subfield code="4">ctb</marc:subfield><marc:subfield code="4">https://id.loc.gov/vocabulary/relators/ctb</marc:subfield></marc:datafield><marc:datafield tag="700" ind1="1" ind2=" "><marc:subfield code="a">Wakil, Susan M., </marc:subfield><marc:subfield code="e">contributor.</marc:subfield><marc:subfield code="4">ctb</marc:subfield><marc:subfield code="4">https://id.loc.gov/vocabulary/relators/ctb</marc:subfield></marc:datafield><marc:datafield tag="700" ind1="1" ind2=" "><marc:subfield code="a">Wisely, C. Ellis, </marc:subfield><marc:subfield code="e">contributor.</marc:subfield><marc:subfield code="4">ctb</marc:subfield><marc:subfield code="4">https://id.loc.gov/vocabulary/relators/ctb</marc:subfield></marc:datafield><marc:datafield tag="700" ind1="1" ind2=" "><marc:subfield code="a">Woodward, Julie A., </marc:subfield><marc:subfield code="e">contributor.</marc:subfield><marc:subfield code="4">ctb</marc:subfield><marc:subfield code="4">https://id.loc.gov/vocabulary/relators/ctb</marc:subfield></marc:datafield><marc:datafield tag="773" ind1="0" ind2="8"><marc:subfield code="i">Title is part of eBook package:</marc:subfield><marc:subfield code="d">De Gruyter</marc:subfield><marc:subfield code="t">Duke University Press Complete eBook-Package 2021</marc:subfield><marc:subfield code="z">9783110743319</marc:subfield></marc:datafield><marc:datafield tag="773" ind1="0" ind2="8"><marc:subfield code="i">Title is part of eBook package:</marc:subfield><marc:subfield code="d">De Gruyter</marc:subfield><marc:subfield code="t">EBOOK PACKAGE COMPLETE 2021 English</marc:subfield><marc:subfield code="z">9783110754001</marc:subfield></marc:datafield><marc:datafield tag="773" ind1="0" ind2="8"><marc:subfield code="i">Title is part of eBook package:</marc:subfield><marc:subfield code="d">De Gruyter</marc:subfield><marc:subfield code="t">EBOOK PACKAGE COMPLETE 2021</marc:subfield><marc:subfield code="z">9783110753776</marc:subfield><marc:subfield code="o">ZDB-23-DGG</marc:subfield></marc:datafield><marc:datafield tag="773" ind1="0" ind2="8"><marc:subfield code="i">Title is part of eBook package:</marc:subfield><marc:subfield code="d">De Gruyter</marc:subfield><marc:subfield code="t">EBOOK PACKAGE Medicine and Life Sciences 2021 English</marc:subfield><marc:subfield code="z">9783110754148</marc:subfield></marc:datafield><marc:datafield tag="773" ind1="0" ind2="8"><marc:subfield code="i">Title is part of eBook package:</marc:subfield><marc:subfield code="d">De Gruyter</marc:subfield><marc:subfield code="t">EBOOK PACKAGE Medicine and Life Sciences 2021</marc:subfield><marc:subfield code="z">9783110753912</marc:subfield><marc:subfield code="o">ZDB-23-DPM</marc:subfield></marc:datafield><marc:datafield tag="856" ind1="4" ind2="0"><marc:subfield code="u">https://doi.org/10.1515/9781478021209</marc:subfield></marc:datafield><marc:datafield tag="856" ind1="4" ind2="0"><marc:subfield code="u">https://www.degruyter.com/isbn/9781478021209</marc:subfield></marc:datafield><marc:datafield tag="856" ind1="4" ind2="2"><marc:subfield code="3">Cover</marc:subfield><marc:subfield code="u">https://www.degruyter.com/cover/covers/9781478021209.jpg</marc:subfield></marc:datafield><marc:datafield tag="912" ind1=" " ind2=" "><marc:subfield code="a">978-3-11-074331-9  Duke University Press Complete eBook-Package 2021</marc:subfield><marc:subfield code="b">2021</marc:subfield></marc:datafield><marc:datafield tag="912" ind1=" " ind2=" "><marc:subfield code="a">978-3-11-075400-1  EBOOK PACKAGE COMPLETE 2021 English</marc:subfield><marc:subfield code="b">2021</marc:subfield></marc:datafield><marc:datafield tag="912" ind1=" " ind2=" "><marc:subfield code="a">978-3-11-075414-8  EBOOK PACKAGE Medicine and Life Sciences 2021 English</marc:subfield><marc:subfield code="b">2021</marc:subfield></marc:datafield><marc:datafield tag="912" ind1=" " ind2=" "><marc:subfield code="a">EBA_DUK_ALL</marc:subfield></marc:datafield><marc:datafield tag="912" ind1=" " ind2=" "><marc:subfield code="a">EBA_DUK_EALL</marc:subfield></marc:datafield><marc:datafield tag="912" ind1=" " ind2=" "><marc:subfield code="a">EBA_DUK_SSHALL</marc:subfield></marc:datafield><marc:datafield tag="912" ind1=" " ind2=" "><marc:subfield code="a">GBV-deGruyter-alles</marc:subfield></marc:datafield><marc:datafield tag="912" ind1=" " ind2=" "><marc:subfield code="a">ZDB-23-DGG</marc:subfield><marc:subfield code="b">2021</marc:subfield></marc:datafield><marc:datafield tag="912" ind1=" " ind2=" "><marc:subfield code="a">ZDB-23-DPM</marc:subfield><marc:subfield code="b">2021</marc:subfield></marc:datafield></marc:record>
<marc:record><marc:leader>03640nam a22005775i 4500</marc:leader>
<marc:controlfield tag="001">9781478021292</marc:controlfield>
<marc:controlfield tag="003">DE-B1597</marc:controlfield><marc:controlfield tag="005">20210729020517.0</marc:controlfield><marc:controlfield tag="006">m|||||o||d||||||||</marc:controlfield><marc:controlfield tag="007">cr || ||||||||</marc:controlfield><marc:controlfield tag="008">210729t20212020ncu    fo  d z      eng d</marc:controlfield><marc:datafield tag="010" ind1=" " ind2=" "><marc:subfield code="a">2020021369</marc:subfield></marc:datafield><marc:datafield tag="020" ind1=" " ind2=" "><marc:subfield code="a">9781478021292</marc:subfield></marc:datafield><marc:datafield tag="024" ind1="7" ind2=" "><marc:subfield code="a">10.1515/9781478021292</marc:subfield><marc:subfield code="2">doi</marc:subfield></marc:datafield><marc:datafield tag="035" ind1=" " ind2=" "><marc:subfield code="a">(DE-B1597)588888</marc:subfield></marc:datafield><marc:datafield tag="040" ind1=" " ind2=" "><marc:subfield code="a">DE-B1597</marc:subfield><marc:subfield code="b">eng</marc:subfield><marc:subfield code="c">DE-B1597</marc:subfield><marc:subfield code="e">rda</marc:subfield></marc:datafield><marc:datafield tag="041" ind1="0" ind2=" "><marc:subfield code="a">eng</marc:subfield></marc:datafield><marc:datafield tag="044" ind1=" " ind2=" "><marc:subfield code="a">ncu</marc:subfield><marc:subfield code="c">US-NC</marc:subfield></marc:datafield><marc:datafield tag="050" ind1="0" ind2="0"><marc:subfield code="a">PS153.M4</marc:subfield><marc:subfield code="b">S263 2021</marc:subfield></marc:datafield><marc:datafield tag="050" ind1=" " ind2="4"><marc:subfield code="a">PS153.M4</marc:subfield><marc:subfield code="b">S263 2021</marc:subfield></marc:datafield><marc:datafield tag="072" ind1=" " ind2="7"><marc:subfield code="a">SOC044000</marc:subfield><marc:subfield code="2">bisacsh</marc:subfield></marc:datafield><marc:datafield tag="082" ind1="0" ind2="4"><marc:subfield code="a">810.9/979</marc:subfield><marc:subfield code="2">23</marc:subfield></marc:datafield><marc:datafield tag="100" ind1="1" ind2=" "><marc:subfield code="a">Sánchez, Rosaura, </marc:subfield><marc:subfield code="e">author.</marc:subfield><marc:subfield code="4">aut</marc:subfield><marc:subfield code="4">http://id.loc.gov/vocabulary/relators/aut</marc:subfield></marc:datafield><marc:datafield tag="245" ind1="1" ind2="0"><marc:subfield code="a">Spatial and Discursive Violence in the US Southwest /</marc:subfield><marc:subfield code="c">Rosaura Sánchez, Beatrice Pita.</marc:subfield></marc:datafield><marc:datafield tag="264" ind1=" " ind2="1"><marc:subfield code="a">Durham : </marc:subfield><marc:subfield code="b">Duke University Press, </marc:subfield><marc:subfield code="c">[2021]</marc:subfield></marc:datafield><marc:datafield tag="264" ind1=" " ind2="4"><marc:subfield code="c">©2020</marc:subfield></marc:datafield><marc:datafield tag="300" ind1=" " ind2=" "><marc:subfield code="a">1 online resource (272 p.)</marc:subfield></marc:datafield><marc:datafield tag="336" ind1=" " ind2=" "><marc:subfield code="a">text</marc:subfield><marc:subfield code="b">txt</marc:subfield><marc:subfield code="2">rdacontent</marc:subfield></marc:datafield><marc:datafield tag="337" ind1=" " ind2=" "><marc:subfield code="a">computer</marc:subfield><marc:subfield code="b">c</marc:subfield><marc:subfield code="2">rdamedia</marc:subfield></marc:datafield><marc:datafield tag="338" ind1=" " ind2=" "><marc:subfield code="a">online resource</marc:subfield><marc:subfield code="b">cr</marc:subfield><marc:subfield code="2">rdacarrier</marc:subfield></marc:datafield><marc:datafield tag="347" ind1=" " ind2=" "><marc:subfield code="a">text file</marc:subfield><marc:subfield code="b">PDF</marc:subfield><marc:subfield code="2">rda</marc:subfield></marc:datafield><marc:datafield tag="505" ind1="0" ind2="0"><marc:subfield code="t">Frontmatter -- </marc:subfield><marc:subfield code="t">Contents -- </marc:subfield><marc:subfield code="t">Acknowledgments -- </marc:subfield><marc:subfield code="t">Introduction -- </marc:subfield><marc:subfield code="t">1 Spatial Violence and Modalities of Colonialism -- </marc:subfield><marc:subfield code="t">2 Indigenous Spatial Sovereignty and Governmentality -- </marc:subfield><marc:subfield code="t">3 Enclosures in New Mexico -- </marc:subfield><marc:subfield code="t">4 Texas Narratives of Dispossession -- </marc:subfield><marc:subfield code="t">Conclusion -- </marc:subfield><marc:subfield code="t">Notes -- </marc:subfield><marc:subfield code="t">Bibliography -- </marc:subfield><marc:subfield code="t">Index</marc:subfield></marc:datafield><marc:datafield tag="506" ind1="0" ind2=" "><marc:subfield code="a">restricted access</marc:subfield><marc:subfield code="u">http://purl.org/coar/access_right/c_16ec</marc:subfield><marc:subfield code="f">online access with authorization</marc:subfield><marc:subfield code="2">star</marc:subfield></marc:datafield><marc:datafield tag="520" ind1=" " ind2=" "><marc:subfield code="a">In Spatial and Discursive Violence in the US Southwest Rosaura Sánchez and Beatrice Pita examine literary representations of settler colonial land enclosure and dispossession in the history of New Mexico, Texas, and Oklahoma. Sánchez and Pita analyze a range of Chicano/a and Native American novels, films, short stories, and other cultural artifacts from the eighteenth century to the present, showing how Chicano/a works often celebrate an idealized colonial Spanish past as a way to counter stereotypes of Mexican and Indigenous racial and ethnic inferiority. As they demonstrate, these texts often erase the participation of Spanish and Mexican settlers in the dispossession of Indigenous lands. Foregrounding the relationship between literature and settler colonialism, they consider how literary representations of land are manipulated and redefined in ways that point to the changing practices of dispossession. In so doing, Sánchez and Pita prompt critics to reconsider the role of settler colonialism in the deep history of the United States and how spatial and discursive violence are always correlated.</marc:subfield></marc:datafield><marc:datafield tag="538" ind1=" " ind2=" "><marc:subfield code="a">Mode of access: Internet via World Wide Web.</marc:subfield></marc:datafield><marc:datafield tag="546" ind1=" " ind2=" "><marc:subfield code="a">In English.</marc:subfield></marc:datafield><marc:datafield tag="588" ind1="0" ind2=" "><marc:subfield code="a">Description based on online resource; title from PDF title page (publisher's Web site, viewed 29. Jul 2021)</marc:subfield></marc:datafield><marc:datafield tag="650" ind1=" " ind2="0"><marc:subfield code="a">American literature</marc:subfield><marc:subfield code="x">Mexican American authors</marc:subfield><marc:subfield code="x">History and criticism.</marc:subfield></marc:datafield><marc:datafield tag="650" ind1=" " ind2="0"><marc:subfield code="a">Discourse analysis.</marc:subfield></marc:datafield><marc:datafield tag="650" ind1=" " ind2="0"><marc:subfield code="a">Indians of North America</marc:subfield><marc:subfield code="x">Colonization</marc:subfield><marc:subfield code="z">Mexican-American Border Region.</marc:subfield></marc:datafield><marc:datafield tag="650" ind1=" " ind2="0"><marc:subfield code="a">Land settlement</marc:subfield><marc:subfield code="z">Southwestern States.</marc:subfield></marc:datafield><marc:datafield tag="650" ind1=" " ind2="0"><marc:subfield code="a">Violence in literature.</marc:subfield></marc:datafield><marc:datafield tag="650" ind1=" " ind2="7"><marc:subfield code="a">SOCIAL SCIENCE / Ethnic Studies / Hispanic American Studies.</marc:subfield><marc:subfield code="2">bisacsh</marc:subfield></marc:datafield><marc:datafield tag="700" ind1="1" ind2=" "><marc:subfield code="a">Pita, Beatrice, </marc:subfield><marc:subfield code="e">author.</marc:subfield><marc:subfield code="4">aut</marc:subfield><marc:subfield code="4">http://id.loc.gov/vocabulary/relators/aut</marc:subfield></marc:datafield><marc:datafield tag="856" ind1="4" ind2="0"><marc:subfield code="u">https://doi.org/10.1515/9781478021292</marc:subfield></marc:datafield><marc:datafield tag="856" ind1="4" ind2="0"><marc:subfield code="u">https://www.degruyter.com/isbn/9781478021292</marc:subfield></marc:datafield><marc:datafield tag="856" ind1="4" ind2="2"><marc:subfield code="3">Cover</marc:subfield><marc:subfield code="u">https://www.degruyter.com/cover/covers/9781478021292.jpg</marc:subfield></marc:datafield><marc:datafield tag="912" ind1=" " ind2=" "><marc:subfield code="a">EBA_DUK_ALL</marc:subfield></marc:datafield><marc:datafield tag="912" ind1=" " ind2=" "><marc:subfield code="a">EBA_DUK_EALL</marc:subfield></marc:datafield><marc:datafield tag="912" ind1=" " ind2=" "><marc:subfield code="a">EBA_DUK_SSHALL</marc:subfield></marc:datafield><marc:datafield tag="912" ind1=" " ind2=" "><marc:subfield code="a">GBV-deGruyter-alles</marc:subfield></marc:datafield></marc:record>
<marc:record><marc:leader>04907nam a22006495i 4500</marc:leader>
<marc:controlfield tag="001">9781478021384</marc:controlfield>
<marc:controlfield tag="003">DE-B1597</marc:controlfield><marc:controlfield tag="005">20210729020517.0</marc:controlfield><marc:controlfield tag="006">m|||||o||d||||||||</marc:controlfield><marc:controlfield tag="007">cr || ||||||||</marc:controlfield><marc:controlfield tag="008">210729t20212021ncu    fo  d z      eng d</marc:controlfield><marc:datafield tag="010" ind1=" " ind2=" "><marc:subfield code="a">2020030899</marc:subfield></marc:datafield><marc:datafield tag="020" ind1=" " ind2=" "><marc:subfield code="a">9781478021384</marc:subfield></marc:datafield><marc:datafield tag="024" ind1="7" ind2=" "><marc:subfield code="a">10.1515/9781478021384</marc:subfield><marc:subfield code="2">doi</marc:subfield></marc:datafield><marc:datafield tag="035" ind1=" " ind2=" "><marc:subfield code="a">(DE-B1597)584767</marc:subfield></marc:datafield><marc:datafield tag="040" ind1=" " ind2=" "><marc:subfield code="a">DE-B1597</marc:subfield><marc:subfield code="b">eng</marc:subfield><marc:subfield code="c">DE-B1597</marc:subfield><marc:subfield code="e">rda</marc:subfield></marc:datafield><marc:datafield tag="041" ind1="0" ind2=" "><marc:subfield code="a">eng</marc:subfield></marc:datafield><marc:datafield tag="044" ind1=" " ind2=" "><marc:subfield code="a">ncu</marc:subfield><marc:subfield code="c">US-NC</marc:subfield></marc:datafield><marc:datafield tag="050" ind1="0" ind2="0"><marc:subfield code="a">GN655.S5</marc:subfield></marc:datafield><marc:datafield tag="072" ind1=" " ind2="7"><marc:subfield code="a">SOC002010</marc:subfield><marc:subfield code="2">bisacsh</marc:subfield></marc:datafield><marc:datafield tag="100" ind1="1" ind2=" "><marc:subfield code="a">Jackson, Michael, </marc:subfield><marc:subfield code="e">author.</marc:subfield><marc:subfield code="4">aut</marc:subfield><marc:subfield code="4">http://id.loc.gov/vocabulary/relators/aut</marc:subfield></marc:datafield><marc:datafield tag="245" ind1="1" ind2="4"><marc:subfield code="a">The Genealogical Imagination :</marc:subfield><marc:subfield code="b">Two Studies of Life over Time /</marc:subfield><marc:subfield code="c">Michael Jackson.</marc:subfield></marc:datafield><marc:datafield tag="264" ind1=" " ind2="1"><marc:subfield code="a">Durham : </marc:subfield><marc:subfield code="b">Duke University Press, </marc:subfield><marc:subfield code="c">[2021]</marc:subfield></marc:datafield><marc:datafield tag="264" ind1=" " ind2="4"><marc:subfield code="c">©2021</marc:subfield></marc:datafield><marc:datafield tag="300" ind1=" " ind2=" "><marc:subfield code="a">1 online resource (319 p.)</marc:subfield></marc:datafield><marc:datafield tag="336" ind1=" " ind2=" "><marc:subfield code="a">text</marc:subfield><marc:subfield code="b">txt</marc:subfield><marc:subfield code="2">rdacontent</marc:subfield></marc:datafield><marc:datafield tag="337" ind1=" " ind2=" "><marc:subfield code="a">computer</marc:subfield><marc:subfield code="b">c</marc:subfield><marc:subfield code="2">rdamedia</marc:subfield></marc:datafield><marc:datafield tag="338" ind1=" " ind2=" "><marc:subfield code="a">online resource</marc:subfield><marc:subfield code="b">cr</marc:subfield><marc:subfield code="2">rdacarrier</marc:subfield></marc:datafield><marc:datafield tag="347" ind1=" " ind2=" "><marc:subfield code="a">text file</marc:subfield><marc:subfield code="b">PDF</marc:subfield><marc:subfield code="2">rda</marc:subfield></marc:datafield><marc:datafield tag="505" ind1="0" ind2="0"><marc:subfield code="t">Frontmatter -- </marc:subfield><marc:subfield code="t">Contents -- </marc:subfield><marc:subfield code="t">Preamble -- </marc:subfield><marc:subfield code="t">Chronicles of the Barawa Marah -- </marc:subfield><marc:subfield code="t">Being-in- Time -- </marc:subfield><marc:subfield code="t">Being of Two Minds -- </marc:subfield><marc:subfield code="t">Koinadugu -- </marc:subfield><marc:subfield code="t">Jihad and Colonization -- </marc:subfield><marc:subfield code="t">Albitaiya -- </marc:subfield><marc:subfield code="t">Primus inter Pares -- </marc:subfield><marc:subfield code="t">Lifelines and Lineages -- </marc:subfield><marc:subfield code="t">Prospero and Caliban -- </marc:subfield><marc:subfield code="t">Tina Komé -- </marc:subfield><marc:subfield code="t">Abdul’s Reminiscences -- </marc:subfield><marc:subfield code="t">Limitrophes -- </marc:subfield><marc:subfield code="t">Noah’s Story -- </marc:subfield><marc:subfield code="t">Taking Stock -- </marc:subfield><marc:subfield code="t">Ferensola -- </marc:subfield><marc:subfield code="t">S. B.’s Story -- </marc:subfield><marc:subfield code="t">After the War -- </marc:subfield><marc:subfield code="t">Within These Four Walls -- </marc:subfield><marc:subfield code="t">Passages -- </marc:subfield><marc:subfield code="t">Relationship and Relativity -- </marc:subfield><marc:subfield code="t">Endings -- </marc:subfield><marc:subfield code="t">Only Connect -- </marc:subfield><marc:subfield code="t">Transition -- </marc:subfield><marc:subfield code="t">Fathers and Sons -- </marc:subfield><marc:subfield code="t">Part I -- </marc:subfield><marc:subfield code="t">Black Mountain -- </marc:subfield><marc:subfield code="t">Clearing Out the Garage -- </marc:subfield><marc:subfield code="t">A Hidden History -- </marc:subfield><marc:subfield code="t">New Lives for Old -- </marc:subfield><marc:subfield code="t">Billy -- </marc:subfield><marc:subfield code="t">The Wet -- </marc:subfield><marc:subfield code="t">Part II -- </marc:subfield><marc:subfield code="t">Aground on the Great Barrier -- </marc:subfield><marc:subfield code="t">University -- </marc:subfield><marc:subfield code="t">Maya -- </marc:subfield><marc:subfield code="t">Families -- </marc:subfield><marc:subfield code="t">Breaking Point -- </marc:subfield><marc:subfield code="t">Part III -- </marc:subfield><marc:subfield code="t">The Unanimous Night -- </marc:subfield><marc:subfield code="t">Weary Bay -- </marc:subfield><marc:subfield code="t">Bulbul -- </marc:subfield><marc:subfield code="t">Toby -- </marc:subfield><marc:subfield code="t">The Reef -- </marc:subfield><marc:subfield code="t">The Return -- </marc:subfield><marc:subfield code="t">Postscript -- </marc:subfield><marc:subfield code="t">Notes -- </marc:subfield><marc:subfield code="t">Index</marc:subfield></marc:datafield><marc:datafield tag="506" ind1="0" ind2=" "><marc:subfield code="a">restricted access</marc:subfield><marc:subfield code="u">http://purl.org/coar/access_right/c_16ec</marc:subfield><marc:subfield code="f">online access with authorization</marc:subfield><marc:subfield code="2">star</marc:subfield></marc:datafield><marc:datafield tag="520" ind1=" " ind2=" "><marc:subfield code="a">In The Genealogical Imagination Michael Jackson juxtaposes ethnographic and imaginative writing to explore intergenerational trauma and temporality. Drawing on over fifty years of fieldwork, Jackson recounts the 150-year history of a Sierra Leone family through its periods of prosperity and powerlessness, war and peace, jihad and migration. Jackson also offers a fictionalized narrative loosely based on his family history and fieldwork in northeastern Australia that traces how the trauma of wartime in one generation can reverberate into the next. In both stories Jackson reflects on different modes of being-in-time, demonstrating how genealogical time flows in stops and starts—linear at times, discontinuous at others—as current generations reckon with their relationships to their ancestors. Genealogy, Jackson demonstrates, becomes a powerful model for understanding our experience of being-in-the-world, as nobody can escape kinship and the pull of the past. Unconventional and evocative, The Genealogical Imagination offers a nuanced account of how lives are lived, while it pushes the bounds of the forms that scholarship can take.</marc:subfield></marc:datafield><marc:datafield tag="538" ind1=" " ind2=" "><marc:subfield code="a">Mode of access: Internet via World Wide Web.</marc:subfield></marc:datafield><marc:datafield tag="546" ind1=" " ind2=" "><marc:subfield code="a">In English.</marc:subfield></marc:datafield><marc:datafield tag="588" ind1="0" ind2=" "><marc:subfield code="a">Description based on online resource; title from PDF title page (publisher's Web site, viewed 29. Jul 2021)</marc:subfield></marc:datafield><marc:datafield tag="650" ind1=" " ind2="0"><marc:subfield code="a">Anthropology</marc:subfield><marc:subfield code="z">Sierra Leone.</marc:subfield></marc:datafield><marc:datafield tag="650" ind1=" " ind2="0"><marc:subfield code="a">Ethnology</marc:subfield><marc:subfield code="z">Sierra Leone.</marc:subfield></marc:datafield><marc:datafield tag="650" ind1=" " ind2="0"><marc:subfield code="a">Kuranko (African people)</marc:subfield><marc:subfield code="x">Social life and customs.</marc:subfield></marc:datafield><marc:datafield tag="650" ind1=" " ind2="0"><marc:subfield code="a">Philosophical anthropology.</marc:subfield></marc:datafield><marc:datafield tag="650" ind1=" " ind2="7"><marc:subfield code="a">SOCIAL SCIENCE / Anthropology / Cultural &amp; Social.</marc:subfield><marc:subfield code="2">bisacsh</marc:subfield></marc:datafield><marc:datafield tag="773" ind1="0" ind2="8"><marc:subfield code="i">Title is part of eBook package:</marc:subfield><marc:subfield code="d">De Gruyter</marc:subfield><marc:subfield code="t">Duke University Press Complete eBook-Package 2021</marc:subfield><marc:subfield code="z">9783110743319</marc:subfield></marc:datafield><marc:datafield tag="773" ind1="0" ind2="8"><marc:subfield code="i">Title is part of eBook package:</marc:subfield><marc:subfield code="d">De Gruyter</marc:subfield><marc:subfield code="t">EBOOK PACKAGE COMPLETE 2021 English</marc:subfield><marc:subfield code="z">9783110754001</marc:subfield></marc:datafield><marc:datafield tag="773" ind1="0" ind2="8"><marc:subfield code="i">Title is part of eBook package:</marc:subfield><marc:subfield code="d">De Gruyter</marc:subfield><marc:subfield code="t">EBOOK PACKAGE COMPLETE 2021</marc:subfield><marc:subfield code="z">9783110753776</marc:subfield><marc:subfield code="o">ZDB-23-DGG</marc:subfield></marc:datafield><marc:datafield tag="773" ind1="0" ind2="8"><marc:subfield code="i">Title is part of eBook package:</marc:subfield><marc:subfield code="d">De Gruyter</marc:subfield><marc:subfield code="t">EBOOK PACKAGE Sociology 2021 English</marc:subfield><marc:subfield code="z">9783110754186</marc:subfield></marc:datafield><marc:datafield tag="773" ind1="0" ind2="8"><marc:subfield code="i">Title is part of eBook package:</marc:subfield><marc:subfield code="d">De Gruyter</marc:subfield><marc:subfield code="t">EBOOK PACKAGE Sociology 2021</marc:subfield><marc:subfield code="z">9783110753967</marc:subfield><marc:subfield code="o">ZDB-23-DSW</marc:subfield></marc:datafield><marc:datafield tag="856" ind1="4" ind2="0"><marc:subfield code="u">https://doi.org/10.1515/9781478021384</marc:subfield></marc:datafield><marc:datafield tag="856" ind1="4" ind2="0"><marc:subfield code="u">https://www.degruyter.com/isbn/9781478021384</marc:subfield></marc:datafield><marc:datafield tag="856" ind1="4" ind2="2"><marc:subfield code="3">Cover</marc:subfield><marc:subfield code="u">https://www.degruyter.com/cover/covers/9781478021384.jpg</marc:subfield></marc:datafield><marc:datafield tag="912" ind1=" " ind2=" "><marc:subfield code="a">978-3-11-074331-9  Duke University Press Complete eBook-Package 2021</marc:subfield><marc:subfield code="b">2021</marc:subfield></marc:datafield><marc:datafield tag="912" ind1=" " ind2=" "><marc:subfield code="a">978-3-11-075400-1  EBOOK PACKAGE COMPLETE 2021 English</marc:subfield><marc:subfield code="b">2021</marc:subfield></marc:datafield><marc:datafield tag="912" ind1=" " ind2=" "><marc:subfield code="a">978-3-11-075418-6  EBOOK PACKAGE Sociology 2021 English</marc:subfield><marc:subfield code="b">2021</marc:subfield></marc:datafield><marc:datafield tag="912" ind1=" " ind2=" "><marc:subfield code="a">EBA_DUK_ALL</marc:subfield></marc:datafield><marc:datafield tag="912" ind1=" " ind2=" "><marc:subfield code="a">EBA_DUK_EALL</marc:subfield></marc:datafield><marc:datafield tag="912" ind1=" " ind2=" "><marc:subfield code="a">EBA_DUK_SSHALL</marc:subfield></marc:datafield><marc:datafield tag="912" ind1=" " ind2=" "><marc:subfield code="a">GBV-deGruyter-alles</marc:subfield></marc:datafield><marc:datafield tag="912" ind1=" " ind2=" "><marc:subfield code="a">ZDB-23-DGG</marc:subfield><marc:subfield code="b">2021</marc:subfield></marc:datafield><marc:datafield tag="912" ind1=" " ind2=" "><marc:subfield code="a">ZDB-23-DSW</marc:subfield><marc:subfield code="b">2021</marc:subfield></marc:datafield></marc:record>
</marc:collection>
