<?xml version="1.0" encoding="UTF-8" ?><marc:collection xmlns:marc="http://www.loc.gov/MARC21/slim" xmlns:xsi="http://www.w3.org/2001/XMLSchema-instance" xsi:schemaLocation="http://www.loc.gov/MARC21/slim http://www.loc.gov/standards/marcxml/schema/MARC21slim.xsd">
<marc:record><marc:leader>04064nam a22005775i 4500</marc:leader>
<marc:controlfield tag="001">9781478022176</marc:controlfield>
<marc:controlfield tag="003">DE-B1597</marc:controlfield><marc:controlfield tag="005">20220131112047.0</marc:controlfield><marc:controlfield tag="006">m|||||o||d||||||||</marc:controlfield><marc:controlfield tag="007">cr || ||||||||</marc:controlfield><marc:controlfield tag="008">220131t20222021ncu    fo  d z      eng d</marc:controlfield><marc:datafield tag="010" ind1=" " ind2=" "><marc:subfield code="a">2021012450</marc:subfield></marc:datafield><marc:datafield tag="020" ind1=" " ind2=" "><marc:subfield code="a">9781478022176</marc:subfield></marc:datafield><marc:datafield tag="024" ind1="7" ind2=" "><marc:subfield code="a">10.1515/9781478022176</marc:subfield><marc:subfield code="2">doi</marc:subfield></marc:datafield><marc:datafield tag="035" ind1=" " ind2=" "><marc:subfield code="a">(DE-B1597)613351</marc:subfield></marc:datafield><marc:datafield tag="040" ind1=" " ind2=" "><marc:subfield code="a">DE-B1597</marc:subfield><marc:subfield code="b">eng</marc:subfield><marc:subfield code="c">DE-B1597</marc:subfield><marc:subfield code="e">rda</marc:subfield></marc:datafield><marc:datafield tag="041" ind1="0" ind2=" "><marc:subfield code="a">eng</marc:subfield></marc:datafield><marc:datafield tag="044" ind1=" " ind2=" "><marc:subfield code="a">ncu</marc:subfield><marc:subfield code="c">US-NC</marc:subfield></marc:datafield><marc:datafield tag="050" ind1="0" ind2="0"><marc:subfield code="a">RA788</marc:subfield><marc:subfield code="b">.W46 2021</marc:subfield></marc:datafield><marc:datafield tag="050" ind1=" " ind2="4"><marc:subfield code="a">RA788</marc:subfield></marc:datafield><marc:datafield tag="072" ind1=" " ind2="7"><marc:subfield code="a">SOC002010</marc:subfield><marc:subfield code="2">bisacsh</marc:subfield></marc:datafield><marc:datafield tag="100" ind1="1" ind2=" "><marc:subfield code="a">Wentzell, Emily A., </marc:subfield><marc:subfield code="e">author.</marc:subfield><marc:subfield code="4">aut</marc:subfield><marc:subfield code="4">http://id.loc.gov/vocabulary/relators/aut</marc:subfield></marc:datafield><marc:datafield tag="245" ind1="1" ind2="0"><marc:subfield code="a">Collective Biologies :</marc:subfield><marc:subfield code="b">Healing Social Ills through Sexual Health Research in Mexico /</marc:subfield><marc:subfield code="c">Emily A. Wentzell.</marc:subfield></marc:datafield><marc:datafield tag="264" ind1=" " ind2="1"><marc:subfield code="a">Durham : </marc:subfield><marc:subfield code="b">Duke University Press, </marc:subfield><marc:subfield code="c">[2022]</marc:subfield></marc:datafield><marc:datafield tag="264" ind1=" " ind2="4"><marc:subfield code="c">©2021</marc:subfield></marc:datafield><marc:datafield tag="300" ind1=" " ind2=" "><marc:subfield code="a">1 online resource (237 p.)</marc:subfield></marc:datafield><marc:datafield tag="336" ind1=" " ind2=" "><marc:subfield code="a">text</marc:subfield><marc:subfield code="b">txt</marc:subfield><marc:subfield code="2">rdacontent</marc:subfield></marc:datafield><marc:datafield tag="337" ind1=" " ind2=" "><marc:subfield code="a">computer</marc:subfield><marc:subfield code="b">c</marc:subfield><marc:subfield code="2">rdamedia</marc:subfield></marc:datafield><marc:datafield tag="338" ind1=" " ind2=" "><marc:subfield code="a">online resource</marc:subfield><marc:subfield code="b">cr</marc:subfield><marc:subfield code="2">rdacarrier</marc:subfield></marc:datafield><marc:datafield tag="347" ind1=" " ind2=" "><marc:subfield code="a">text file</marc:subfield><marc:subfield code="b">PDF</marc:subfield><marc:subfield code="2">rda</marc:subfield></marc:datafield><marc:datafield tag="505" ind1="0" ind2="0"><marc:subfield code="t">Frontmatter -- </marc:subfield><marc:subfield code="t">CONTENTS -- </marc:subfield><marc:subfield code="t">PREFACE: COLLECTIVE BIOLOGIES IN THE COVID-19 PANDEMIC AND BEYOND -- </marc:subfield><marc:subfield code="t">ACKNOWLEDGMENTS -- </marc:subfield><marc:subfield code="t">ONE. SEXUAL HEALTH RESEARCH, RELATIONSHIPS, AND SOCIAL CHANGE IN CUERNAVACA -- </marc:subfield><marc:subfield code="t">TWO. PERFORMING MODERN MASCULINITIES IN MEDICAL RESEARCH -- </marc:subfield><marc:subfield code="t">THREE. HPV AND COUPLES BIOLOGY -- </marc:subfield><marc:subfield code="t">FOUR. CULTIVATING COMPANIONATE FAMILIES -- </marc:subfield><marc:subfield code="t">FIVE. CREATING A “CULTURE OF PREVENTION” -- </marc:subfield><marc:subfield code="t">SIX. EVANGELICALS PARTICIPATING AS PIETY -- </marc:subfield><marc:subfield code="t">SEVEN. FROM “HUMAN SUBJECTS” TO “COLLECTIVE BIOLOGIES” -- </marc:subfield><marc:subfield code="t">APPENDIX: THE STUDY DESIGN -- </marc:subfield><marc:subfield code="t">INDEX</marc:subfield></marc:datafield><marc:datafield tag="506" ind1="0" ind2=" "><marc:subfield code="a">restricted access</marc:subfield><marc:subfield code="u">http://purl.org/coar/access_right/c_16ec</marc:subfield><marc:subfield code="f">online access with authorization</marc:subfield><marc:subfield code="2">star</marc:subfield></marc:datafield><marc:datafield tag="520" ind1=" " ind2=" "><marc:subfield code="a">In Collective Biologies, Emily A. Wentzell uses sexual health research participation as a case study for investigating the use of individual health behaviors to aid groups facing crisis and change. Wentzell analyzes couples' experiences of a longitudinal study of HPV occurrence in men in Cuernavaca, Mexico. She observes how their experiences reflected Mexican cultural understandings of group belonging through categories like family and race. For instance, partners drew on collective rather than individualistic understandings of biology to hope that men's performance of “modern” masculinities, marriage, and healthcare via HPV research would aid groups ranging from church congregations to the Mexican populace. Thus, Wentzell challenges the common regulatory view of medical research participation as an individual pursuit. Instead, she demonstrates that medical research is a daily life arena that people might use for fixing embodied societal problems. By identifying forms of group interconnectedness as “collective biologies,” Wentzell investigates how people can use their own actions to enhance collective health and well-being in ways that neoliberal emphasis on individuality obscures.</marc:subfield></marc:datafield><marc:datafield tag="538" ind1=" " ind2=" "><marc:subfield code="a">Mode of access: Internet via World Wide Web.</marc:subfield></marc:datafield><marc:datafield tag="546" ind1=" " ind2=" "><marc:subfield code="a">In English.</marc:subfield></marc:datafield><marc:datafield tag="588" ind1="0" ind2=" "><marc:subfield code="a">Description based on online resource; title from PDF title page (publisher's Web site, viewed 31. Jan 2022)</marc:subfield></marc:datafield><marc:datafield tag="650" ind1=" " ind2="0"><marc:subfield code="a">Collective behavior.</marc:subfield></marc:datafield><marc:datafield tag="650" ind1=" " ind2="0"><marc:subfield code="a">Group identity</marc:subfield><marc:subfield code="z">Mexico.</marc:subfield></marc:datafield><marc:datafield tag="650" ind1=" " ind2="0"><marc:subfield code="a">Individualism</marc:subfield><marc:subfield code="z">United States.</marc:subfield></marc:datafield><marc:datafield tag="650" ind1=" " ind2="0"><marc:subfield code="a">Medicine</marc:subfield><marc:subfield code="x">Research</marc:subfield><marc:subfield code="x">Social aspects</marc:subfield><marc:subfield code="z">Mexico.</marc:subfield></marc:datafield><marc:datafield tag="650" ind1=" " ind2="0"><marc:subfield code="a">Sexual health</marc:subfield><marc:subfield code="x">Research</marc:subfield><marc:subfield code="x">Social aspects</marc:subfield><marc:subfield code="z">Mexico.</marc:subfield></marc:datafield><marc:datafield tag="650" ind1=" " ind2="7"><marc:subfield code="a">SOCIAL SCIENCE / Anthropology / Cultural &amp; Social.</marc:subfield><marc:subfield code="2">bisacsh</marc:subfield></marc:datafield><marc:datafield tag="773" ind1="0" ind2="8"><marc:subfield code="i">Title is part of eBook package:</marc:subfield><marc:subfield code="d">De Gruyter</marc:subfield><marc:subfield code="t">Duke University Press Complete eBook-Package 2021</marc:subfield><marc:subfield code="z">9783110743319</marc:subfield></marc:datafield><marc:datafield tag="856" ind1="4" ind2="0"><marc:subfield code="u">https://doi.org/10.1515/9781478022176</marc:subfield><marc:subfield code="z">Co-access DOI &gt;&gt; click Walter de Gruyter</marc:subfield></marc:datafield><marc:datafield tag="856" ind1="4" ind2="0"><marc:subfield code="u">https://www.degruyter.com/isbn/9781478022176</marc:subfield></marc:datafield><marc:datafield tag="856" ind1="4" ind2="2"><marc:subfield code="3">Cover</marc:subfield><marc:subfield code="u">https://www.degruyter.com/document/cover/isbn/9781478022176/original</marc:subfield></marc:datafield><marc:datafield tag="912" ind1=" " ind2=" "><marc:subfield code="a">978-3-11-074331-9  Duke University Press Complete eBook-Package 2021</marc:subfield><marc:subfield code="b">2021</marc:subfield></marc:datafield><marc:datafield tag="912" ind1=" " ind2=" "><marc:subfield code="a">EBA_DUK_ALL</marc:subfield></marc:datafield><marc:datafield tag="912" ind1=" " ind2=" "><marc:subfield code="a">EBA_DUK_EALL</marc:subfield></marc:datafield><marc:datafield tag="912" ind1=" " ind2=" "><marc:subfield code="a">EBA_DUK_SSHALL</marc:subfield></marc:datafield><marc:datafield tag="912" ind1=" " ind2=" "><marc:subfield code="a">GBV-deGruyter-alles</marc:subfield></marc:datafield></marc:record>
</marc:collection>
