<?xml version="1.0" encoding="UTF-8"?>
<!DOCTYPE ONIXmessage SYSTEM "http://www.editeur.org/onix/2.1/short/onix-international.dtd">
<ONIXmessage>
<header>
<m174>Ingram Content Group</m174>
<m175>CoreSource</m175>
<m283>partnersupport@ingramcontent.com</m283>
<m178>DNB - Metadata and Content</m178>
<m182>202201310201</m182>
</header>
<product>
<a001>567368</a001>
<a002>03</a002>
<productidentifier>
<b221>15</b221>
<b244>9783110719017</b244>
</productidentifier>
<productidentifier>
<b221>02</b221>
<b244>3110719010</b244>
</productidentifier>
<productidentifier>
<b221>03</b221>
<b244>9783110719017</b244>
</productidentifier>
<b012>DG</b012>
<b211>002</b211>
<series>
<seriesidentifier>
<b273>01</b273>
<b233>Publishers Code</b233>
<b244>TC-B</b244>
</seriesidentifier>
<b018>Transcriptiones</b018>
<b019>1.1</b019>
</series>
<series>
<seriesidentifier>
<b273>02</b273>
<b244>27474968</b244>
</seriesidentifier>
<b018>ISSN</b018>
</series>
<title>
<b202>01</b202>
<b203>Höfische Texte</b203>
</title>
<workidentifier>
<b201>01</b201>
<b244>9783110635058</b244>
</workidentifier>
<contributor>
<b035>B01</b035>
<b036>Mario Klarer</b036>
<b037>Klarer, Mario</b037>
<b039>Mario</b039>
<b040>Klarer</b040>
</contributor>
<b057>1</b057>
<language>
<b253>01</b253>
<b252>ger</b252>
</language>
<b061>357</b061>
<extent>
<b218>00</b218>
<b219>357</b219>
<b220>03</b220>
</extent>
<b062>160 col. ill.</b062>
<illustrations>
<b256>02</b256>
<b257>160</b257>
</illustrations>
<b064>LIT004170</b064>
<mainsubject>
<b191>26</b191>
<b068>2.0</b068>
<b069>9563</b069>
</mainsubject>
<subject>
<b067>10</b067>
<b069>LIT011000</b069>
<b070>LIT011000 LITERARY CRITICISM / Medieval</b070>
</subject>
<subject>
<b067>12</b067>
<b069>DSBB</b069>
<b070>Literary studies: classical, early &amp; medieval</b070>
</subject>
<subject>
<b067>20</b067>
<b070>Transkription</b070>
</subject>
<subject>
<b067>20</b067>
<b070>Handschrift</b070>
</subject>
<subject>
<b067>20</b067>
<b070>Manuskriptbild</b070>
</subject>
<subject>
<b067>20</b067>
<b070>Frühneuhochdeutsch</b070>
</subject>
<subject>
<b067>20</b067>
<b070>Transcription, Manuscript, Manuscript Image, Early New High German</b070>
</subject>
<b073>06</b073>
<b073>06</b073>
<audience>
<b204>01</b204>
<b206>06</b206>
</audience>
<audience>
<b204>01</b204>
<b205>Professional and scholarly</b205>
<b206>06</b206>
</audience>
<audiencerange>
<b074>11</b074>
<b075>01</b075>
<b076>17</b076>
</audiencerange>
<othertext>
<d102>01</d102>
<d103>06</d103>
<d104 language="eng"><![CDATA[In this eleven-volume complete transcription of the ‘Ambraser Heldenbuch,’ all texts appear in the original Early High German for the first time. A transcription that is faithful to individual characters used by the scribe is synoptically juxtaposed with the manuscript image. A second, diplomatic transcription is arranged by verses and numbered according to established editions. The lavishly illustrated manuscript of almost 250 parchment folios, commissioned by Emperor Maximilian I at the beginning of the sixteenth century, is one of the most important sources of German narrative literature of the Middle Ages. Volume 1 contains shorter courtly texts, which include Der Stricker’s ‘Die Frauenehre’ as well as ‘Mauritius von Craûn,’ ‘Die Klage’ by Hartmann von Aue, and ‘Das Büchlein,’ which have survived only in the ‘Ambraser Heldenbuch.’]]></d104>
</othertext>
<othertext>
<d102>01</d102>
<d103>06</d103>
<d104><![CDATA[<P>In dieser elfbändigen Gesamttranskription des ‚Ambraser Heldenbuchs‘ erscheinen erstmals alle Texte im frühneuhochdeutschen Originalwortlaut. Die zeichengetreue Transkription ist synoptisch dem Manuskriptbild gegenübergestellt. Die diplomatische Transkription ist nach Versen umbrochen, die gemäß etablierten Editionen nummeriert sind. Die fast 250 Pergamentblätter umfassende Prunkhandschrift, die von Maximilian I. zu Beginn des 16. Jahrhunderts in Auftrag gegeben wurde, zählt zu den wichtigsten Quellen deutschsprachiger Literatur des Mittelalters. Band 1 beinhaltet die kürzeren höfischen Texte, zu denen neben des Strickers ,Die Frauenehre‘ die unikal überlieferten Texte ,Mauritius von Craûn‘, ,Die Klage‘ von Hartmann von Aue sowie ,Das Büchlein‘ gehören. </P>]]></d104>
</othertext>
<othertext>
<d102>02</d102>
<d103>06</d103>
<d104><![CDATA[Das von Maximilian I. in Auftrag gegebene ‚Ambraser Heldenbuch‘ zählt zu den wichtigsten Quellen deutschsprachiger Literatur des Mittelalters. In dieser elf Bände umfassenden Gesamtausgabe erscheinen erstmals alle 25 Texte des Kodex, von denen 15 unikal überliefert sind, im frühneuhochdeutschen Originalwortlaut. Neben der zeichengetreuen und einer diplomatischen Transkription wird zusätzlich der entsprechende Scan des Manuskripts abgedruckt.]]></d104>
</othertext>
<othertext>
<d102>02</d102>
<d103>06</d103>
<d104><![CDATA[The ‘Ambraser Heldenbuch,’ commissioned by Maximilian I, is one of the most important sources of medieval German literature. In this eleven-volume complete edition, all 25 texts from the codex appear in print for the first time in their original Early Modern High German wording – for 15 of which there is only a singular transmission. Alongside a precise, diplomatic transcription, this edition also provides additional manuscript scans.]]></d104>
</othertext>
<othertext>
<d102>03</d102>
<d103>06</d103>
<d104><![CDATA[<P>In dieser elfbändigen Gesamttranskription des ‚Ambraser Heldenbuchs‘ erscheinen erstmals alle Texte im frühneuhochdeutschen Originalwortlaut. Die zeichengetreue Transkription ist synoptisch dem Manuskriptbild gegenübergestellt. Die diplomatische Transkription ist nach Versen umbrochen, die gemäß etablierten Editionen nummeriert sind. Die fast 250 Pergamentblätter umfassende Prunkhandschrift, die von Maximilian I. zu Beginn des 16. Jahrhunderts in Auftrag gegeben wurde, zählt zu den wichtigsten Quellen deutschsprachiger Literatur des Mittelalters. Band 1 beinhaltet die kürzeren höfischen Texte, zu denen neben des Strickers ,Die Frauenehre‘ die unikal überlieferten Texte ,Mauritius von Craûn‘, ,Die Klage‘ von Hartmann von Aue sowie ,Das Büchlein‘ gehören. </P>]]></d104>
</othertext>
<othertext>
<d102>13</d102>
<d103>06</d103>
<d104><![CDATA[<STRONG>Mario Klarer</STRONG>, Universität Innsbruck, Österreich.]]></d104>
</othertext>
<othertext>
<d102>13</d102>
<d103>06</d103>
<d104><![CDATA[<STRONG>Mario Klarer</STRONG>, University of Innsbruck, Austria.]]></d104>
</othertext>
<othertext>
<d102>47</d102>
<d103>06</d103>
<d104><![CDATA[Open access – no commercial use]]></d104>
</othertext>
<mediafile>
<f114>04</f114>
<f115>03</f115>
<f116>01</f116>
<f117>https://www.degruyter.com/document/cover/isbn/9783110719017/original</f117>
</mediafile>
<productwebsite>
<b367>02</b367>
<f123>https://www.degruyter.com/isbn/9783110719017</f123>
</productwebsite>
<imprint>
<b079>De Gruyter</b079>
</imprint>
<publisher>
<b291>01</b291>
<b241>05</b241>
<b243>5107430</b243>
<b081>De Gruyter</b081>
</publisher>
<b209>Berlin/Boston</b209>
<b394>04</b394>
<b003>20211231</b003>
<b087>2022</b087>
<salesrights>
<b089>01</b089>
<b388>WORLD</b388>
</salesrights>
<relatedproduct>
<h208>06</h208>
<productidentifier>
<b221>03</b221>
<b244>9783110635058</b244>
</productidentifier>
<b012>BB</b012>
</relatedproduct>
<relatedproduct>
<h208>06</h208>
<productidentifier>
<b221>15</b221>
<b244>9783110635058</b244>
</productidentifier>
<b012>BB</b012>
</relatedproduct>
<supplydetail>
<j137>De Gruyter</j137>
<j292>01</j292>
<j141>IP</j141>
<j396>20</j396>
<price>
<j148>01</j148>
<j151>0.00</j151>
<j152>USD</j152>
</price>
</supplydetail>
</product>
</ONIXmessage>